CompanyId,PostalCode
6099261825,AB11 6JX
6099266706,AB12 3AX
6099263011,AB14 0UL
6099283111,AB14 0XA
6099276955,AB31 5YR
7143260079,AB37 9BG
6099312203,AB42 3PD
7143166985,AB42 4HX
6099235901,AB42 4UD
7143166987,AB42 4XJ
6099279671,AB51 5RB
7143300259,AB56 5LB
6097667857,AL2 1DG
7588769554,AL3 4DG
6099289396,AL3 6LB
6097687621,AL5 1SR
6099261871,AL6 0PW
6099280181,AL6 9TY
6097670800,AL7 4BE
6099248312,AL7 4PW
6097666997,B1 1JL
7143286533,B1 1JL
7143274127,B1 1JR
6099299647,B1 2HF
6097670583,B10 0BW
6099299608,B10 0BW
6099232949,B10 0EX
6099263044,B10 0NR
6099274116,B10 9EU
6099282318,B11 1ED
6099292849,B11 1LS
6099269684,B11 2BE
6099233026,B11 2BH
6099311692,B11 2DB
6099292986,B11 2EW
6099267161,B11 2EZ
6099311503,B11 3FJ
6099269908,B11 3RX
6099271232,B11 4SF
6099271509,B12 0JG
6099232803,B12 0NH
6099269303,B12 0QR
6099230373,B12 0QR
6097667400,B12 0SD
6099262621,B12 0UP
6099282714,B12 9DJ
6099311799,B12 9PB
6097667669,B18 5NX
6099279478,B19 3NB
6099227502,B19 3PE
7143119179,B23 6UG
6099251270,B24 0QY
6099263410,B24 8DL
6099277601,B24 9PP
7143244823,B25 8DF
6099299376,B26 3JA
6099292968,B28 0AQ
6099274896,B28 8HN
6099279791,B28 8JQ
6099279385,B3 1RD
6099292842,B30 1NH
6099251206,B30 2DA
6099279461,B31 2BQ
6099248309,B31 2RW
6097670506,B31 2TS
6099282540,B33 8RS
7143219565,B36 8TY
6099271786,B36 9HA
7143274128,B37 7AA
6099269659,B37 7YG
6099274866,B37 7YN
6099263055,B38 0HB
6099233118,B38 0HB
6658519867,B4 7XH
6097670403,B42 2ET
6097667626,B42 2TP
7143242634,B44 8NH
6099269992,B44 8NN
6099233387,B44 8PE
6099311955,B46 1QU
6099269814,B48 7HX
6097636926,B49 6DR
6099232877,B5 5SE
7143296530,B6 7JJ
6099245127,B6 7LP
6099308693,B60 3DX
7143205419,B60 4ED
6097687306,B61 0PQ
7143211947,B63 2UH
6099305570,B63 3NH
6099251766,B63 4PX
6099227169,B64 5JL
6097636777,B65 0PY
6097667900,B65 8NG
7143296542,B65 9 LL
6099230475,B66 1RB
6099296299,B66 3AJ
6097666911,B66 4QY
6099289726,B68 0NP
6099262576,B69 2JG
6099311995,B69 2LQ
6097636671,B69 3DU
6099251751,B69 4RY
6099277318,B7 4DX
6099299405,B70 0SU
6099263262,B70 6BY
6097670668,B70 9BP
6099251007,B72 1SD
6097636678,B74 2LZ
6099233332,B74 3EJ
6097667738,B74 3PG
6097667480,B74 4AL
6099250833,B75 5RJ
6099269663,B76 9EE
6099271537,B77 1EL
6099274310,B77 4DS
6099274856,B77 5AD
6099251262,B78 3EQ
7143300252,B78 3EQ
6099269729,B8 1JN
6099282230,B8 1LE
6097670565,B8 2BB
6099292485,B8 2HF
6099290153,B8 2NL
6099250777,B8 2NL
6097666874,B8 2RF
6097667661,B8 2SL
6097667420,B8 3AA
6099266972,B8 3AB
6099311461,B80 7EY
6099227455,B9 4AX
6099266589,B9 4NZ
6099236173,B9 5AS
6097670698,B9 5SY
6099277126,B90 1QR
6099263244,B90 3LT
6281805423,B90 4LH
6099289664,B90 4LH
6099251456,B90 4US
6099245343,B91 2JT
6099277121,B91 3QJ
6099233063,B92 7JE
7143296528,B92 8JA
6099245137,B93 0LL
6099269550,B94 6LU
7143663678,B95 5NF
6097687709,B96 0SD
6097636680,B96 6HH
7143199497,B97 6DJ
6099279979,B97 6RG
6099283007,BA
6097670451,BA
6099292340,BA
6097687587,BA
6099276911,BA
6099282980,BA
6097670467,BA
6099276956,BA
6099251599,BA
6099302720,BA
6099261296,BA
6099274514,BA
6099274316,BA
6455122272,BA1 4DB
6099227435,BA1 4DB
6099227526,BA1 7QH
6099261441,BA11 4BN
7143150125,BA13 3SW
6099312151,BA13 4JW
6099233310,BA14 0QX
7143157022,BA14 6JR
7143150123,BA14 7PE
7143184722,BA14 8LL
6099311968,BA14 8RY
6099274795,BA2 9HD
6099311907,BA20 1DP
7143166992,BA22 8FS
6099305734,BA22 9UW
6718603379,BB1 1HW
6099235939,BB1 1TH
6097687199,BB1 1UE
6099250807,BB1 3AR
6099263264,BB1 3EE
7143150130,BB1 5DG
6099282955,BB1 5DP
6099280182,BB1 5QN
6099233336,BB1 6AY
7143157042,BB10 1SG
6099308570,BB10 2LU
6099277188,BB11 1DA
6099311899,BB11 1RN
6099290128,BB11 2HA
7143173180,BB11 5UB
6099227510,BB115BS
6099245419,BB12 7NQ
6099270016,BB12 8SX
6099245318,BB12 9EX
7143242631,BB18 5EG
7143260077,BB2 1PQ
6099251738,BB2 1QD
6097636973,BB2 2AA
6099251733,BB2 2JQ
6099277076,BB2 3QN
6099266611,BB2 4AA
6099275071,BB2 4AD
6099305756,BB2 5EP
6099274770,BB2 5JH
6099269789,BB2 6DJ
6099292287,BB2 6JT
6099280423,BB4 6AG
6646700146,BB5 1HF
6099248502,BB5 3JY
6099251247,BB5 4LZ
7043379208,BB7 1HW
6097687411,BB8 8HT
6099274420,BB8 8LF
6099277607,BB9 0EZ
6099248283,BB9 6LL
6099271686,BB9 7DR
6099248521,BB9 7XT
6099280305,BB9 8DN
6099308689,BD1 1JN
6099267112,BD1 2LG
6099235923,BD1 3BW
6099271688,BD1 3ET
6099271017,BD1 4SX
6099274502,BD1 4XA
6099233306,BD10 0NN
6099289903,BD10 8QR
6099250866,BD10 9BA
6099277140,BD10 9TQ
7143157028,BD11 1BE
6097667659,BD12 0TP
6099269236,BD13 1PH
6099296303,BD13 3LY
6099236209,BD13 5DD
6097687590,BD16 1AE
6099251507,BD16 2RD
6099289647,BD17 7GA
6097670831,BD17 7JW
7143192752,BD17 7JW
6099248188,BD18 3HN
6099271541,BD18 3LA
6097667351,BD18 3PP
6099248387,BD19 3NW
6097667376,BD19 3QF
7143232379,BD19 3TN
6097667419,BD2 3NQ
6097687734,BD2 3SU
6099262586,BD2 4HP
6097687558,BD2 4ND
6099308913,BD20 7DS
6099311751,BD21 3EB
6099248490,BD21 4BY
6099277233,BD21 4DH
6099233158,BD21 5HL
6097667163,BD21 5LP
6099269738,BD22 7QS
6097670574,BD23 2QR
6099283011,BD23 2TA
6099312172,BD23 5PL
6097667237,BD23 6AF
6097670752,BD3 8HU
6099299462,BD3 8JS
6097636655,BD3 8PX
6099283005,BD3 8QD
6097670282,BD3 8SA
6099299435,BD3 9RH
7143219543,BD4 6SG
6099269804,BD4 7NP
6099276943,BD4 8BA
6099277448,BD4 8ES
6099311797,BD4 8RD
6099311879,BD4 8RS
6099305606,BD4 8RZ
6099245128,BD4 8SX
6766408109,BD5 0HF
6097687375,BD5 8HN
6099262875,BD5 8JX
6099275020,BD5 8LT
6097687350,BD6 1TD
6099308857,BD6 1YA
7143178161,BD6 3AP
6099289468,BD6 3EW
6099274409,BD7 1JA
6099263157,BD8 0AP
6099283203,BD8 9NL
7143286547,BD8 9TG
6099274133,BD9 4JB
6097669986,BH1 1JD
6099266662,BH10 4EF
6099251316,BH11 9LA
6099251463,BH11 9SH
6099227213,BH12 4LT
6099302535,BH12 4PE
6099311933,BH13 7RD
6099274069,BH14 0AX
6099271074,BH15 3ED
7143300248,BH17 0GF
6099250726,BH17 0HL
6334364498,BH17 7AE
6099271757,BH20 4BG
6099282580,BH21 2BT
7143206039,BH21 2BT
7143162150,BH21 2DS
7143274133,BH21 3AS
6099230330,BH21 6US
6099305536,BH22 0AE
6099289762,BH22 9AS
6099269959,BH23 2AX
6099251379,BH23 2BD
6099266331,BH23 6NX
6097670324,BH23 7AR
6767433397,BH24 1AG
6099230308,BH24 1AH
6097667863,BH24 2BT
6099230269,BH24 2QB
7143260163,BH242QE
6099245356,BH4 9BT
6099269764,BH5 2HZ
6099299204,BH7 6NA
6099271585,BH8 8AY
6099236281,BH8 8BE
6097667865,BH9 1AN
6099277408,BH9 2AX
6099299341,BL1 2HQ
6099282445,BL2 2BN
6099263049,BL2 6BD
6099280170,BL3 2SA
6099271740,BL3 2SA
6099299406,BL3 6AY
7143280420,BL3 6SZ
6099266386,BL4 0EH
6097670740,BL4 7BA
6099266568,BL4 7LJ
7143280438,BL4 7QX
6099271452,BL4 9EB
6099282710,BL4 9LN
6099279422,BL5 1AF
6097667910,BL5 1EU
6097687846,BL5 2AZ
7143211949,BL5 2BX
6099277471,BL6 4BP
6099308632,BL6 6JA
6099270956,BL7 9DX
6099289701,BL8 2AL
6099282251,BL8 2AL
6099279931,BL8 2NW
6099268986,BL8 2NW
6099230301,BL9 5BP
6099274513,BL9 5BR
6099248435,BL9 5EG
7143280440,BL9 6AQ
7143265907,BL9 6AS
6099279383,BL9 7HR
6099308898,BL9 7HR
6099262543,BL9 8JN
6099292760,BL9 8JN
7143232363,BL9 9NB
6099292951,BL9 9NB
6099227399,BN1 8SB
6099267114,BN10 7ET
6099282588,BN10 8BB
6097670480,BN10 8QT
6099282856,BN11 1UG
6099270007,BN11 2AS
6099292502,BN14 8LF
6099271719,BN15 8RA
6099302688,BN15 8UF
6099269019,BN16 2RB
7143260164,BN180BF
6099261604,BN2 1PF
6099292297,BN2 4AF
6099262857,BN21 4LJ
6099279894,BN24 6HN
7143199417,BN3 3TW
6099262785,BN3 5QJ
6099261798,BN3 5QL
6099296182,BN3 7BD
6097670176,BN41 1TA
6099267135,BN41 1YH
7763832466,BN41 1YH
6097667251,BN43 6LA
6099251089,BN5 9BD
7143178152,BN6 8JA
6099261526,BN6 8TY
7709263368,BN6 9HS
6099248493,BN6 9HS
6671968405,BN6 9HS
6097687412,BN6 9LE
6099269515,BN6 9LE
7143663667,BN8 4EH
6099230266,BN8 5QF
6099262844,BR1 2BQ
6099275059,BR1 4PP
7143166997,BR2 6DD
6099271342,BR2 6DQ
6099299240,BR2 7BA
6099305831,BR2 9AP
6099266215,BR3 5NT
6099311951,BR6 8PQ
6099312052,BS10 5EL
6099311891,BS10 7RT
6097667118,BS11 9BY
6099289977,BS13 8AE
6097636637,BS137AB
6099245434,BS15 1AJ
6099261862,BS15 1AT
6099263089,BS15 1AX
6099269502,BS15 1BD
6099269763,BS15 1JE
6099296181,BS15 4AJ
7143249779,BS15 4HA
6895717248,BS15 4RQ
6099289628,BS15 8PD
7143157031,BS16 3AE
6099227418,BS16 3JA
6097687453,BS16 5BU
7143199494,BS16 5HQ
6099269735,BS2 0QS
6099299634,BS20 6PR
6099251493,BS21 6AW
7143157040,BS21 6TH
6099302440,BS22 8NA
7143242638,BS22 9LF
6099245370,BS23 3PZ
6099311510,BS23 3YH
7143119973,BS23 3YS
6099302547,BS24 7BE
6099308623,BS24 9AA
6099311775,BS25 5SA
7143242633,BS26 2TT
6099266613,BS27 3EJ
6099233188,BS29 6HT
6099262842,BS3 1HF
6099233291,BS3 2AW
6099269730,BS3 2EB
6099292456,BS3 2HA
6099263136,BS3 2NW
6099245657,BS3 3PN
6099233153,BS3 4AG
6099305764,BS3 5RU
6099269524,BS3 5RU
6099250850,BS30 5TR
6099276673,BS30 6NX
6099250781,BS30 9DE
6099290280,BS31 2BQ
6099277115,BS32 4AQ
7143199413,BS35 1NH
6099280050,BS35 1QH
6099302761,BS35 2EF
6099266375,BS35 4AU
6524206654,BS36 1RY
7143300251,BS37 4BW
6099283048,BS37 6AS
6099305476,BS37 6LH
7143265914,BS37 6LX
6099302564,BS37 6QG
6099266353,BS4 3AX
6099230467,BS4 3EU
6097667884,BS4 5AD
6097687355,BS4 5NL
6099277394,BS40 5TG
6099277476,BS45LR
6099230485,BS48 1EH
6099311473,BS48 1SD
6097666863,BS48 2QZ
6099232930,BS481JJ
6099233350,BS5 2YB
6099245398,BS5 6SA
6099311487,BS5 7LU
6099274918,BS5 7SA
6099227247,BS5 8HG
6099274544,BS5 8JU
6099277369,BS5 8LW
6097667733,BS5 9JR
6099290239,BS7 8NR
6099261281,BS8 2RS
6099250812,BS9 4SP
6099230387,BT1 6PJ
6099280150,BT11 9FS
6099289916,BT12 5EG
6099289782,BT12 6HR
6099277059,BT12 6LR
6097667727,BT13 3BH
6099289635,BT19 7QY
6099311763,BT2 8FE
6099248394,BT2 8LA
6099280012,BT20 3AS
6099233351,BT22 2JA
6099268976,BT23 7EU
6610579989,BT29 4JL
6099282466,BT29 4YY
6097687393,BT32 3AR
6099267088,BT34 5AA
6099271297,BT35 9RJ
6099267096,BT36 4BB
6099269209,BT36 5RY
6099302715,BT37 0AA
6097687423,BT37 0ST
6956549507,BT38 8BT
6099276633,BT38 8RL
6099235963,BT39 0AS
6099263394,BT41 3LX
6099290018,BT41 4DX
6099227264,BT42 3DW
6099282233,BT43 5PY
6097667656,BT43 6QD
7143166994,BT44 8DW
6099251734,BT44 8SD
6099271184,BT45 7BQ
6099279971,BT45 8ES
7143280427,BT47 2SX
6099269152,BT48 8QH
6099296126,BT5 5AH
6942498111,BT51 4JD
6099292446,BT52 1SF
6289386904,BT52 1UD
6929229958,BT522NL
6099305600,BT53 6PR
6099269974,BT6 8AW
6099302465,BT62 3SB
6099305609,BT63 5NN
6099282705,BT66 6DN
6099274648,BT66 7BG
7143265913,BT71 4HG
6099276683,BT78 4JZ
6099280019,BT78 4TW
7478835276,BT80 8JE
6099269492,BT81 7SR
6099276687,BT82 0RJ
6099277057,BT82 8EL
6099277137,BT9 6AF
6099274825,BT92 2DL
6099280005,BT94 3DF
6099236142,CA14 4JH
6099248520,CA2 4HU
6099251092,CA288UU
6099302528,CA3 0EU
6099282489,CA3 0JF
6099279668,CA4 8BP
6097687354,CB10 2ET
7143280429,CB11 3SP
6099261344,CB2 9NE
7143232367,CB21 4XN
6099289714,CB24 8RL
6099312050,CB5 8RY
7143119971,CB6 2LF
6099280031,Cb6 2QD
6099305518,CF0 0AG
6099282238,CF10 5BH
6099292491,CF10 5BH
6097669926,CF10 5FE
6099302737,CF11 8AQ
6099302408,CF11 8AQ
6099289374,CF11 8DH
6097687296,CF11 8DL
6099269208,CF11 8DL
6099230290,CF11 8EQ
6099250735,CF11 8JF
6099280141,CF11 8TN
6097636883,CF11 8UU
6099277461,CF14 1DL
6097667124,CF14 1DL
6099302467,CF14 3JS
6099280286,CF14 6NY
6099271602,CF24 3BN
6097636998,CF24 5SD
6099292711,CF3 2UU
6099233087,CF31 1TZ
6099282451,CF31 3TP
6097636780,CF32 9LW
6099283010,CF33 4RB
6099276949,CF35 6DR
6097667629,CF35 6PG
6099305777,CF40 2SX
6099266852,CF41 7LU
6099299238,CF44 8BJ
6097687377,CF46 6PE
6099266583,CF48 1RP
6099251792,CF5 1JG
6099251313,CF5 5NJ
6099292593,CF5 5PH
6099305394,CF62 8AG
6099302550,CF63 1FE
6099251637,CF63 2QW
6099277333,CF63 2QW
6099305540,CF64 1JJ
6099292722,CF72 8PN
6097670712,CF72 9EE
6631926676,CF72 9FQ
6631908139,CF72 9NR
6099308889,CF81 9AD
6099283088,CF82 8AU
6099277328,CF83 3HQ
6099262534,CF83 3HQ
6097687213,CF83 3HQ
6097667715,CF83 3HU
6099305385,CF83 3HU
6099305644,CF83 3HU
6099250826,CF83 3RY
6632197223,CH1 4LT
6099261282,CH1 4LT
6099271581,CH1 6BS
6097667671,CH1 6LJ
6099289748,CH2 4LD
6099279437,CH2 4RG
6099271701,CH3 5NE
6097667250,CH3 9DR
6099302656,CH3 9DS
7793922487,CH4 9RF
6099269755,CH41 1AT
6097687330,CH41 8DT
6099267074,CH42 0HD
6099292957,CH43 1UG
6099280433,CH43 6TF
6097667335,CH45 1HF
6099250799,CH46 6HZ
6099277186,CH47 4FB
6097687309,CH5 2RA
6099274138,CH5 2RA
6099233124,CH5 2TB
6097670409,CH5 2TE
6099305781,CH5 2TE
6099245581,CH5 3BS
6099312135,CH5 3LZ
6099269478,CH5 3LZ
6099282842,CH60 3SE
6099251101,CH60 5RJ
6099289708,CH63 1JB
6097687338,CH64 3RB
6099274508,CH66 9PD
7143244824,ch89hj
6099235954,CM1 2RD
6097687301,CM1 3 EH
6099292808,CM1 3EH
6099282321,CM1 3NS
7143157036,CM1 4LP
6099261746,CM11 2SF
6097670188,CM11 2YG
6099263392,CM11 2YG
6099276866,CM13QJ
7143184727,CM14 4SU
6099262986,CM14 5NB
6099267157,CM14 5NB
6097687198,CM14 5TG
6099271010,CM15 0TX
6099274286,CM15 0XB
7143296529,CM16 4EL
6099277650,CM16 6QB
6099248307,CM16 7PE
7143249781,CM17 0NS
6099292853,CM17 0PF
6099271063,CM17 9DZ
6099227471,CM17 9HP
6099292301,CM2 6ND
6099302697,CM2 7SY
6099262983,CM2 7TD
6099279460,CM2 8BY
6099276906,CM2 8LA
6099308566,CM2 9QP
6099274052,CM20 2EG
6631863200,CM20 2JD
6099276714,CM21 0ND
6099290410,CM21 0ND
6099262858,CM22 6PF
6099289652,CM23 2BT
6097667447,CM23 3JG
7143173183,CM3 6HP
6099261306,CM3 6SE
6099266925,CM5 9DZ
6099299688,CM5 9NW
6099263367,CM5 9PP
6099266929,CM7 2RT
6099233069,CM7 4LT
6099236253,CM7 9TX
6099266728,CM77 8GA
6099280018,CM8 3DR
6099233315,CM9 4BE
6099266422,CM9 4LJ
6099292518,CM9 4LT
6097667333,CM9 6UZ
7143248649,CM9 8LZ
6099266951,CM9 8RJ
6099245200,CO1 2LY
6099274834,CO10 2TJ
6099245188,CO10 7JL
6099274923,CO10 9PJ
7143238950,CO11 1RE
6099279923,CO13 0LY
6099282549,CO15 3AX
6099271715,CO16 8HE
6099271456,CO2 8HA
7143274122,CO2 8HR
7143663677,CO2 8JX
6099269938,CO2 8JY
6099282969,CO4 0QF
6896562182,CO4 5NE
6099250966,CO4 9TB
6099233143,CO5 0LX
6097667000,CO6 1RL
6099296305,CO6 3QH
6099266350,CO6 3TJ
6099271494,CO7 7DJ
6099274606,CO7 7PP
6099311921,CO7 8JA
6099266835,CO7 8LG
6099269040,CO7 8LG
7143206048,CO9 1EX
6099263308,CO9 4JZ
6725573501,CR0 2BP
6099296278,CR0 2RJ
6099227258,CR0 3AA
6099308724,CR0 3AB
6099289414,CR0 3EU
6097667697,CR0 3EU
6099282839,CR0 4NG
6097667363,CR0 4NH
6099292981,CR0 4RF
6099283034,CR0 4RL
6099232890,CR0 4RR
6099302406,CR0 4TD
6099251111,CR2 6EQ
6099266890,CR4 2AD
6099262748,CR4 4BJ
6099266905,CR6 9EJ
6099261799,CR8 3QL
6099233092,CT1 1YY
7143150129,CT1 3RA
6099277104,CT10 2NR
6099250784,CT10 2UR
6099251506,CT17 0RT
6099308703,CT19 4DG
6099292836,CT2 7EL
6099266398,CT21 4ND
6099274257,CT3 4JD
6099296328,CT4 8DX
6099311711,CT6 7LQ
6099233059,CV1 2JT
6099271199,CV10 0HL
6097670485,CV11 4JB
6099279493,CV11 4JB
6099263389,CV12 0NL
6099232940,CV12 9LQ
7143173169,CV13 6BW
6099261339,CV21 1NZ
6099269679,CV22 6RA
6097670006,CV3 1ND
6099308702,CV3 2AX
6099280405,CV3 2JF
6099261725,CV3 4EX
6099230251,CV31 1HP
6099290001,CV31 1XS
6099308647,CV32 5QB
6099262979,CV33 9JW
6097670417,CV34 4LJ
6099261319,CV34 5HQ
6099308552,CV34 6AT
6099245416,CV34 6RT
6099308851,CV35 0AE
6099277581,CV35 0AE
6621718596,CV35 0DB
6099230208,CV35 0JA
6099311501,CV35 9JB
6099296134,CV37 0PT
6099292784,CV37 7LD
6099261765,CV5 8GB
6097667337,CV5 9BU
7143150137,CV5 9QJ
6099292432,CV6 2JJ
6099233365,CV6 4AB
6099251281,CV6 5BN
6099269447,CV6 5RB
6099227398,CV6 6AW
6099248268,CV7 7LL
6099282699,CV7 8AD
6099308671,CV7 8JJ
6099251615,CV7 9EL
6097667181,CV7 9NH
6099289868,CV7 9NW
6099292737,CV7 9RF
7143259442,CV83EL
6099274022,CW1 3BG
6099292494,CW1 6DN
6099251069,CW1 6GU
6099271431,CW1 6XH
6097670169,CW11 3PU
7143280430,CW11 4TN
6099289783,CW12 1DT
6099266955,CW12 3AA
6099274887,CW121JR
6097687563,CW2 5PX
6099250785,CW2 7RA
6097687367,CW2 7RL
6099262737,CW2 7RW
6750301969,CW2 8UF
6099282434,CW4 7ET
7143173188,CW4 7ET
6099262563,CW4 8NN
6099233382,CW5 6PQ
6099233343,CW5 7HA
6099261314,CW5 8EB
7143296533,CW6 9EN
6099280238,CW8 3HQ
6099271432,CW8 4DB
6097670432,CW8 4DB
6707271545,CW8 4TQ
6099271544,CW9 5JJ
6955075443,CW9 5LH
6099292776,CW9 7NA
6099276824,CW9 7NE
6099305741,CW9 7SF
6099277422,CW9 7UD
6099296144,D17 W653
6099269688,DA1 2LD
6099267102,DA1 3DY
7143178159,DA11 0HF
6099292942,DA11 9AW
6099274915,DA11 9DT
6099271317,DA11 9NA
6099279889,DA11 9PH
6099271455,DA12 2DN
6099251116,DA13 0AG
6099296266,DA13 9JQ
6099296257,DA14 4QQ
6097670538,DA14 5EP
6099282729,DA14 5EP
6099268995,DA14 5HN
6097636893,DA15 9NP
6099277092,DA15 9PT
6099279451,DA16 1QN
6099274037,DA16 1TQ
6099266952,DA16 3AQ
6099230288,DA16 3DP
6099266441,DA16 3DP
6099266911,DA2 6Ax
6099266206,DA2 6AX
6099289496,DA2 6BH
6099292302,DA2 6EF
6099299455,DA2 6SL
6097670221,DA2 7JR
6099312138,DA3 7QA
6097667742,DA5 1NG
6099305634,DA7 4LL
6099269720,DA7 4QU
6099275080,Da8 3LT
6099266602,DA8 3PP
7143663665,DD11 4RL
6099245160,DD5 1AN
7143259200,DD5 2ER
6099263093,DD5 4JN
6099289506,DD6 9JY
6099266334,DD7 7QU
6099312230,DD8 3EQ
6099312223,DD9 6AY
7143119974,DD9 6JP
6099245618,DD9 7TG
6099282606,DE1 1BT
6099282544,DE1 1LT
6099274067,DE1 2ET
6559777126,DE1 2QD
6097670159,DE11 9QG
6097667159,DE12 6JD
6099262996,DE12 7EJ
6099302475,DE12 7PQ
6099248191,DE14 1DW
6099275031,DE14 1EN
6099283093,DE14 1QT
6099245473,DE14 1SB
6099276894,DE14 2AW
6099290033,DE14 2DA
6097667203,DE14 3JZ
7143232365,DE15 9TJ
7352011678,DE21 4RY
6099308397,DE21 6AP
6099290177,DE21 7FH
6099279793,DE21 7NP
7143244826,DE217NP
6099251583,DE22 3AZ
7479040440,DE22 3LN
6099263242,DE22 3SX
6099277347,DE23 6QJ
7346523571,DE23 8FZ
7335547704,DE24 8LZ
6097670265,DE24 8QA
6099232907,DE24 8QP
7143206042,DE24 9GL
6099276660,DE3 0BX
6099269034,DE5 4JX
6099308601,DE5 8JN
6326276683,DE5 8LG
6097670456,DE55 2DS
7143280446,DE55 2DY
7143276316,DE55 2DY
6099274595,DE55 2DZ
6099312038,DE55 2FP
7143249780,DE55 4HB
6097670427,DE55 4NE
6099230504,DE55 6HN
6099299639,DE55 7BP
6099308674,DE55 7BU
6099262609,DE56 0NG
6097687821,DE56 2EP
6099271193,DE56 4EL
6097636734,DE56 4FQ
6099271590,DE65 5FE
6099290025,DE65 5FJ
6099230305,DE7 5FH
6099299458,DE7 5HX
6099282315,DE7 5TG
7143192835,DE7 8JF
6097687854,DE7 8JF
6099299434,DE72 3DP
6099266315,DE72 3NB
6097667083,DE73 7HH
6099251610,DE73 8GJ
6099279439,DE73 8HS
6099266580,DE74 2NL
6099296341,DE74 2NL
6099274679,DE74 2NP
6099289656,DE74 2SR
6097687853,DE75 7AY
6099262851,DE75 7JT
6099280032,DG1 1HD
6099292495,DG1 3AW
6099282616,DG1 3JR
6097667607,DG2 8ER
6099266969,DG7 1AN
6097667852,DG7 1LA
6906518152,DG8 9AB
6099227450,DH1 2XL
6099282998,DH1 5HA
6099296112,DH2 2RR
6097666937,DH4 4AS
6099305514,DH4 5RJ
6099268951,DH5 9JB
6099233088,DH6 2PZ
6099269913,DH6 2QA
6099236011,DH6 2TU
6097667090,DL1 1GL
6097667191,DL1 1TE
6906555179,DL1 2PD
6099227261,DL1 2PD
6097670458,DL1 4DF
6097670560,DL1 4DF
6099266420,DL1 4DF
7163679875,DL1 4WD
7143280428,DL12PD
6099290275,DL14 8QE
6099282581,DL16 6DN
6099233358,DL17 8LD
6099282488,DL2 3AS
6099248057,DL3 0NX
6099248266,DL3 0RP
6099251005,DL7 8DS
6099263321,DN10 4BN
7143211953,DN10 5DY
6099302458,DN14 0QE
7143260074,DN14 7ZL
6099269545,DN15 8AT
6099289864,DN15 8NJ
6097636912,DN15 8NJ
6099269400,DN17 2SX
6099292829,DN17 4DD
6099292570,DN2 4LT
6099266630,DN2 4NL
6099261556,DN20 8HH
6099245664,DN20 8LS
6099292819,DN20 8NP
6099305602,DN21 2AU
7143206045,dn228wq
6099261797,DN3 1QR
6099271007,DN3 3NG
7143231580,DN3 3NU
6099280422,DN31 1UH
6099299484,DN31 2BA
6097687390,DN32 0LW
6099274323,DN32 7BN
6097666992,DN32 9JE
6099274793,DN39 6GB
6099299643,DN4 5EZ
6099251458,DN4 5JP
6099279901,DN4 5JQ
6099289442,DN4 8DE
6099279926,DN41 8EP
6099266870,DN5 7EE
7143132692,DN5 7UT
6099290184,DT11 8ST
6453535588,DT11 9NE
6099282257,DT3 4HG
6099251342,DT3 6ED
6099262774,DT4 9AE
6099266876,DT9 5PH
6099289616,DT9 6QP
6099233117,DT9 6RL
6099266379,DY1 2AB
6099292444,DY1 3AS
6099311949,DY1 3TD
7143173170,DY10 1HT
6099269510,DY10 2JY
6099302742,DY10 4JB
6099236012,DY11 7QL
6099266638,DY11 7XN
7143244825,DY11 7YJ
6099289983,DY11 7YJ
6099271829,DY13 0AX
7143248648,DY13 0TU
6099274039,DY13 9AS
6099233149,DY13 9JY
6099311693,DY14 9DJ
6099233404,DY2 0LY
6099305614,DY2 8PX
6097667748,DY2 8RE
6099311486,DY2 9NT
6099274150,DY2 9PU
6099302675,DY3 2SN
6097636931,DY3 3LA
6099245407,DY4 7AN
6099308844,DY4 8XA
6099312161,DY4 8XP
7143119970,DY5 1JG
6099261623,DY5 1LB
6097687564,DY5 2RP
7143663673,DY5 3JR
6099271216,DY6 0EU
7143260081,DY6 7BD
7143286536,DY6 7HU
6099263399,DY6 7HU
6099282957,DY6 9PD
6099227223,DY8 1JE
6099279517,DY8 3TQ
6099227184,DY8 4BP
6099283213,DY8 5SY
6099250849,DY9 7BU
6099245124,DY9 8HX
6099263042,E10 5FF
6099290185,E11 4PG
6097687336,E12 5JJ
6097667364,E12 6BU
6099266221,E13 0NA
6099279924,E15 1JA
6099274804,E15 4LJ
6099292289,E17 3LX
7143219566,E17 5DY
6099274262,E17 5QY
6099282307,E17 8NH
6099269299,E17 9DS
6097687824,E2 9DY
6099271235,E4 7PX
6099271697,E4 7PX
6099269762,E4 9AB
6099292488,E4 9AB
6099296342,E5 0NP
6099276985,E5 8BS
6099271482,E7 8JF
6097670525,E7 9HY
7143219547,EC1N 8LE
6099277226,EC2 9SS
7286585885,EC2A 4FT
7764292739,EC2R 6AY
6099269277,EC2R 8JR
6099279618,EC3A 8EP
6099289632,EC4A 1BR
6099262853,EC4M 6YJ
6097667397,EH12 5HJ
6097636776,EH12 5JQ
6099251328,EH14 2ER
6099271203,EH15 1ED
6099235922,EH15 1ED
7736716086,EH15 2PA
6099230360,EH15 2QA
6099276850,EH20 9FB
7143232377,EH20 9QX
6099261510,EH21 8DD
6099290252,EH21 8NE
6097687568,EH21 8NE
6099277079,EH22 1AZ
6099274763,EH22 1SH
6099274419,EH22 3AS
7304678173,EH4 6LA
6099269169,EH40 3DW
6097670267,EH48 1NU
7143173171,EH49 7RY
6099289474,EH5 1PZ
6097687436,EH52 5BB
6099266390,EH52 5LH
6099251014,EH52 5LX
6099280172,EH6 5BJ
6097667702,EH6 5BJ
6099271296,EH6 5BJ
6097687374,EH6 8LY
6099251097,EH6 8NA
6099274032,EH7 4NH
7143259199,EH7 5TX
6099269817,EH8 8HY
6099289507,EN1 2QS
6099282526,EN1 3LD
7143173172,EN1 4JL
6099275101,EN10 6DU
6099302730,EN10 7JT
6099268945,EN10 7PY
6099311953,EN11 0ES
6099290030,EN11 0NX
6099280231,EN11 0NX
6099269162,EN11 8LJ
7143166983,EN11 8SX
6099289674,EN2 0DW
6099308721,EN2 7DH
7143219554,EN2 7HX
6097636773,EN2 8JF
6099251312,EN3 4EJ
6099290114,EN3 6UE
7143259202,EN3 7XU
6099233163,EN4 0DY
6099245155,EN4 8RD
7143257386,EN5 5XP
6099302779,EN6 4EX
6099227476,EN6 4EX
6099263492,EN6 4EX
6099232853,EN6 5AB
6099276863,EN6 5AF
6099248438,EN7 5RP
6099245158,EN8 7NY
6097666900,EN8 8PA
6099268947,EN8 9BN
6099282688,EN8 9TL
7143286548,EN9 2BL
6097667641,EN9 2LH
6099277645,EN9 2RJ
6099299409,EN9 3SA
7143178154,EX11 1NG
6097670052,EX13 7PZ
6099296103,EX13 7PZ
6381832789,EX14 9UP
6099311707,EX15 2BB
6601202688,EX15 2QW
6099227285,EX16 6SW
6099302501,EX16 7JX
6099289755,EX2 8FD
6099271261,EX22 6NQ
7143265912,EX22 7SF
6099251241,EX37 9JS
6652851492,EX39 3HN
6099289490,EX4 8HR
6099230285,EX5 3JX
6099299251,FK1 4JD
6099266671,FK1 4JQ
6099245187,FK10 4DP
6097670517,FK2 8HZ
6099305620,FK3 8LL
6097670219,FY4 2HG
6099250829,FY4 5HD
6099233396,FY4 5LW
6099271041,FY4 5PQ
6099274509,FY45PQ
6097667453,FY5 5BU
6099251779,FY6 8BT
7143219546,FY6 8JF
6099280437,FY6 8LL
6099230328,FY7 6NW
6099251623,FY8 1AB
7143244832,FY8 1AE
6099270014,FY8 1JD
6099271805,FY8 2PF
7143313737,FY8 5AT
7143157047,FY85NL
6099274498,G15 8TE
6099271705,G21 1HT
6099283036,G22 6LJ
6099280175,G3 8BW
6099251002,G3 8DZ
6099296347,G3 8EP
6099271778,G32 7RW
6097670827,G32 8HB
6099266308,G32 8HE
6099277488,G33 4EL
6099230254,G4 0DS
6099269437,G42 0PW
6099274667,G5 8AQ
6099233363,G5 8LG
7143244843,G5 8NB
6099236257,G51 3HR
6099267084,G51 4XB
6099232823,G52 4JZ
6631874066,G52 4JZ
6631859496,G52 4JZ
6099266988,G52 4JZ
6099251573,G52 4NQ
6099274394,G64 1JF
6099269216,G65 0PT
6099261595,G66 1QD
6099266438,G66 1QW
6099299239,G68 9AA
6099266344,G68 9HN
6099289919,G69 8FE
6099269486,G71 6BS
6099292753,G71 6HS
6099274349,G71 8BJ
6097636649,G73 1NP
6099282825,G73 4RP
6099263396,G731BL
7715863406,G74 3XS
6097670935,G74 3XS
6099250855,G77 6EH
6097669999,G82 2TB
6097670071,G84 0AU
7143663664,GL10 3AL
6099251631,GL12 8NR
6099311463,GL14 2YE
6099282577,GL17 0AF
6099279384,GL17 9JR
6097669991,GL2 5DB
6400497945,GL2 5DN
6099279976,GL2 5ER
6099233412,GL2 5ER
7143211955,GL2 5HL
6631926674,GL2 7NG
6099276808,GL2 9BN
6097667121,GL2 9DJ
6099245204,GL20 6EH
7143119966,GL5 2BA
6099236141,GL5 5EX
7211971393,GL50 1TA
6249450049,GL51 0TF
6097636690,GL51 0TF
6099305515,GL51 4XJ
7068821644,GL51 8PS
6099269767,GL51 9PB
6099283217,GL51 9TU
7143292955,GL519LB
7143274132,GL56 9RF
7143286528,GL8 8RS
6099263137,GU1 1RU
6099308646,GU1 2AG
6699434523,GU1 4AU
6099277568,GU10 1PG
6099274529,GU10 4DE
6099274831,GU10 4JU
6099251361,GU11 3NN
6099276954,GU12 4DD
6097687617,GU12 4HD
6637788450,GU14 0FB
6097667513,GU14 6AY
7143166981,GU14 6EN
6602667110,GU14 7PG
6099312006,GU15 1PF
6099266989,GU15 2PB
6099280300,GU15 2PS
6099233295,GU15 3DB
6099308867,GU15 9LU
6099274124,GU17 0HJ
6099251026,GU17 0LA
6099308633,GU18 5SB
6099274550,GU18 5SU
6099271230,GU18 5TS
6099279716,GU19 5AF
6099269167,GU19 5EZ
7727201701,GU19 5EZ
7637750314,GU19 5HN
6099311522,GU19 5HP
7143219557,GU19 5HU
6099266365,GU2 7YB
6099248037,GU2 9PQ
6097670672,GU2 9UW
6099271339,GU21 4PZ
6099232928,GU21 5LY
6097687381,GU21 6LJ
6099274304,GU22 9JX
6099269533,GU23 6EY
6097670210,GU23 6EY
6099302286,GU24 8AL
6099245375,GU24 8BS
6097687444,GU24 9DJ
6099299428,GU24 9LS
7143192758,GU26 6LB
6099292582,GU27 2AP
6099277404,GU29 0HN
6099233303,GU30 7AH
6099280043,GU30 7RR
6099230234,GU31 5AE
6099289910,GU32 3PL
6099232772,GU34 2PP
6238053912,GU34 2PZ
6099280006,GU34 2YU
6099292285,GU34 3NB
6099290179,GU34 3NB
6099233044,GU35 0QZ
6099289689,GU47 9DB
6099269222,GU47 9DD
6099267081,GU5 0HB
7143249777,GU5 9NR
6099248227,GU51 2RT
7143119963,GU51 3AB
6097670314,GU51 3RN
6099271284,GU52 8JR
6099271510,GU6 8JE
6099279362,GU6 8TB
7353598506,GU6 8TB
6099274406,GU7 3BA
6099290140,GU8 5AU
6097669993,GU8 5TB
7143260072,GU9 9LR
6097667849,GU9 9PS
6099230248,HA0 1ES
6099266628,HA0 1NW
6097666869,HA0 1NW
6099292690,HA0 1NW
6097687576,HA0 1NW
6099262625,HA0 1NW
6099267156,HA0 1NW
6099282236,HA0 1SA
6097670929,HA0 2LP
6099268963,HA0 3EL
6099279661,HA0 3HB
6631944298,HA0 4LU
6099276608,HA1 4JP
6099266487,HA2 6ND
6099271254,HA2 8DH
6099274903,HA3 6RY
6099282991,HA4 7SE
6099302507,HA4 7TU
6935495271,HA5 5QA
6099279421,HA6 2YY
6099276823,HA7 1QU
6099262855,HA8 0BE
6097667114,HA9 0NL
6099289381,HA9 7NQ
6099245599,HA9 7XX
6099308426,HA9 8NF
6099283039,HA9 8PE
6099282435,HA9 8SA
6099289500,HD1 3AY
6099282475,HD1 4QT
6099232944,HD1 4RB
6099282813,HD2 2PE
6266597248,HD3 3BS
6099261774,HD5 0RH
6099274779,HD6 1HA
6099289938,HD6 4AB
6099292810,HD8 0DL
6099299697,HD8 8BB
6099277667,HD9 2NQ
6099266211,HD9 3tt
6097667238,HD9 6RA
6759932685,HG1 3HJ
6099277470,HG1 5LY
7143178166,HG14PT
6097670488,HG2 8QT
6099266364,HG3 1DE
6099271496,hg3 1ry
6099251318,HG4 1QY
6099227493,HG5 0EA
6097667675,HG5 0SS
6097670039,HG5 8BS
6099269909,HG5 9JA
7143274130,HP1 2SG
6097667432,HP10 8BB
6099305588,HP10 8PG
6099274128,HP10 9TJ
6099251375,HP12 3DE
6099266868,HP12 3EN
6097667410,HP12 3JR
7143286529,HP12 3RB
6099262738,HP12 4AH
6099274049,HP13 5SN
6099233192,HP13 6DQ
7143199414,HP13 7LB
6097667104,HP13 7TQ
6099271836,HP14 3BE
6099277353,HP15 6JR
6099269406,HP15 6UR
6099235889,HP15 7BB
6099271191,HP15 7BS
6099280009,HP16 0DR
6099274597,HP16 9EG
6997678652,HP18 0JX
6099263314,HP18 0NX
6097667461,HP18 9BW
6099302523,HP18 9EP
6097669949,HP18 9QQ
6099263507,HP19 9PZ
6099308711,HP2 4RA
6099266673,HP2 7DE
6631867921,HP2 7EB
6099251307,HP2 7PT
6099248041,HP2 7QE
6099311784,HP20 1EB
6099261763,HP21 9DR
7143150128,HP21 9DR
6099271454,HP22 4ES
6099276929,HP22 5BU
6099263508,HP23 4QR
6099263357,HP23 5QY
7143274129,HP27 9PH
6099261307,HP3 0DJ
6099311515,HP3 0DS
6099289751,HP3 0PL
6097670784,HP3 9AL
6099263065,HP3 9PW
6099282573,HP4 2LJ
6097667841,HP4 3LP
6097667606,HP5 2HA
6099292330,HP5 2PE
6099227226,HP5 2PZ
6099248518,HP5 3ED
6099266737,HP52AA
6099227463,HP9 2PS
6099261812,HR1 3RX
6099280153,HR6 0JA
6099263039,HR7 4JW
6099289951,HR9 7AS
6099302658,HR9 7JZ
7143248646,HS1 2AE
7143251843,HS1 2AE
6621778603,HU11 5JA
6097667407,HU13 0AB
6099271538,HU15 2BU
7143274123,HU15 2SL
6266640688,HU17 8DY
7143248644,HU20 3XQ
6099289874,HU3 5JX
6099230376,HU3 6JB
6099282240,HU8 8AE
6097687391,HU8 8AE
6099282812,HU9 1AT
6099302293,HX1 3XY
6099251638,HX1 5JJ
6099279775,HX2 6RW
6099280035,HX3 8ER
6099261875,IG1 1TX
6099290004,IG1 1TZ
6097666891,IG11 0DW
7143259205,IG11 0TJ
7143157035,IG14AF
6099269190,IG3 8RN
6099251791,IG3 8RU
6099292789,IG3 8RW
6099262540,IG6 2HL
7143206043,IG6 3UJ
6099289521,IG8 8EY
6099251635,IP1 2BH
6099282297,IP1 4JY
6099230291,IP1 5AN
6099290267,IP1 5AN
6099299687,IP1 5EN
7143300247,IP1 5EN
7143162145,IP1 5EW
7143119969,IP10 0DE
6099269266,IP11 7SL
6099289633,IP14 1JF
6099245417,IP20 0EN
6097667638,IP22 1RR
6954690172,IP22 2LP
6099292837,IP25 7LZ
7143280425,IP27 9EP
7143286530,IP28 7jq
6097636866,IP30 9DY
6097687836,IP30 9LW
6099275037,IP4 4RU
6099312012,IP5 1BH
6099233384,IP6 0AQ
6099236151,IV1 1SG
6099277061,IV1 1UF
6099262839,IV1 1UF
6097667649,IV12 5QW
7143192833,IV12 5QW
6099299610,IV18 0LF
6099235988,IV3 8EX
7143248647,IV3 8EX
7143178153,IV30 5NA
7143184723,IV31 6NG
7143192756,IV31 6PB
6099277392,IV51 9PE
7143166991,JE2 3LN
7143184732,JE2 4GJ
6099280256,KA1 2LH
7143192080,KA3 1DY
6099282958,KA3 3DY
6099292963,KT11 3BH
7143150127,KT12 3DY
7143166989,KT12 3PD
6099296269,KT12 5QB
6099305397,KT13 8NA
6099289865,KT14 7NY
6097670658,KT15 1SG
7143150124,KT15 2DW
6097669958,KT15 2PH
6099289942,KT15 2SF
6099299389,KT15 2ST
6099248038,KT15 3TJ
6099271534,KT16 0AW
6099251003,KT16 0DH
6099261776,KT16 0NZ
6099289528,KT16 8BE
7143161412,KT16 8RH
6099227216,KT16 8RH
6099296185,KT16 8RJ
7143280436,KT160EW
6099261346,KT17 2NA
6099261590,KT17 3LA
6099267076,KT18 5QB
6099269733,KT18 5UX
6099269929,KT18 5UX
6097667208,KT19 9JS
6099235976,KT21 1RL
6099267141,KT21 2DB
6099271350,KT23 3JL
6099269427,KT3 4NS
6099271075,KT5 9NU
6099266205,KT5 9NX
6097670702,KT6 4PJ
6099274512,KT6 7QD
6099269705,KT6 7QD
6099274810,KT6 7QD
6099251258,KT6 7QD
6099261582,KT6 7QD
6099302780,KT6 7RG
6099271536,KW15 1RE
6099280313,KY1 1LB
6099232789,KY1 1SL
6099262813,KY1 2NL
6097670815,KY1 4AQ
6099274303,KY1 4AQ
6099248507,KY1 4EH
6099266337,KY11 9JY
6099279452,KY12 7QX
6097687706,KY12 8AN
6099248223,KY12 9AR
6099292539,KY12 9AR
6099245397,KY13 9XB
7143663672,KY15 4RD
6099269513,KY4 8LU
6099235937,KY4 9HT
7143663666,KY49HT
6099292506,KY5 9AR
6099263506,KY6 3DR
7012425865,L1 0AH
7143119180,L13 6QE
6099248187,L15 4HH
6099274569,L18 1DG
6097687216,L20 6JJ
6099262764,L21 9HG
6099290023,L21 9JR
6099266459,L23 6RA
6099296346,L24 9HA
6099282697,L24 9PB
6099289481,L25 7SB
6099311685,L31 1AN
6099248481,L31 8BX
7143280439,L33 7TW
6099266338,L37 8EG
6099305572,L39 2DD
6099289651,L39 3LY
6099299631,L39 6RS
6099251022,L39 7HT
6097687683,L40 4BT
6099251369,L40 6HZ
6099308727,L5 9XN
6099251466,L9 1AQ
6099245372,LA1 4YW
7763728237,LA1 5JR
6099266413,LA14 2NW
6099277579,LA3 3FB
6097669911,LA3 3PA
6099296131,LA9 6BX
6099299334,LD3 8DL
6099277160,LD6 5DS
6099289860,LE1 1TG
6099245477,LE1 2LT
6097667754,LE1 3BW
6099282286,LE1 3HS
6099266361,LE10 1RB
6099282956,LE10 1RJ
6099311620,LE10 2LL
6099227451,LE10 3BE
7143280426,LE10 3DR
6099277621,LE11 1AB
6099277144,LE11 1AT
6099274659,LE11 1LR
6097687825,LE11 1LR
6099271250,LE11 1LS
6097669938,LE11 2GZ
6099277331,LE11 5DF
6099266727,LE11 5DF
6099233178,LE11 5XH
6099233402,LE11 5XS
6099289388,LE12 7AN
6097687705,LE12 8AG
6099261827,LE12 9DS
6601224118,LE12 9EE
6099274412,LE13 1NL
6099271793,LE14 3QD
6099279511,LE15 9DL
6099299475,LE16 9UJ
6099274166,LE17 4HD
6099308873,LE17 4JD
6099266595,LE17 5LD
6099263385,LE17 5RY
6099266918,LE18 1HQ
6097670290,LE18 1NT
6099296270,LE19 1DX
6099250957,LE19 2GE
6099280252,LE19 3FD
6099311767,LE2 0DT
6099277575,LE2 0DT
6099267104,LE2 0HD
6099302275,LE2 2FH
6099261369,LE2 4FA
6099289418,LE2 4FJ
6099230476,LE2 5LH
6099289430,LE2 5SH
6099305563,LE2 6BE
6099279490,LE2 6BR
6099305759,LE2 6TY
6099282847,LE2 6UP
7715366790,LE2 7LJ
6099227291,LE2 7QJ
6099277490,LE2 7QT
6099282563,LE2 8JB
6099279902,LE2 8LU
6099305805,LE3 1TR
6099277497,LE3 3RR
6099299668,LE3 5AS
6099305477,LE3 9FN
6097670254,LE4 0AA
6099221762,LE4 0AA
6097670469,LE4 5GX
6099292817,LE4 5HH
6099276864,LE4 5QJ
6099250869,LE4 6GD
6099263330,LE4 6JY
6097687833,LE4 6RB
6097670278,LE4 7AN
6097667463,LE4 7GQ
6099276982,LE4 8BL
6097667861,LE4 8DL
6099248190,LE4 8DS
6097667703,LE4 9HA
7143259214,LE4 9JJ
6099289385,LE4 9LG
6099233051,LE4 9WF
6099271047,LE5 0HD
6097666930,LE5 0HL
6099270967,LE5 0JN
6099230362,LE5 0PU
7143184726,LE5 0PU
6099305500,LE5 1HX
6099311523,LE5 4BN
6097667168,LE5 4HB
6099269125,LE5 5DQ
6097670286,LE65 1EL
7143218605,LE65 1EL
6099233126,LE65 1HS
6099245449,LE67 1TB
7143157041,LE67 2FF
6099251750,LE67 3BX
6099266714,LE67 3FA
6097667112,LE67 3LE
6099227472,LE67 3TN
6099276942,LE67 5DT
6097687319,LE67 6HL
6099269124,LE67 6NN
6099292425,LE67 6NN
6099277377,LE67 9PU
6099305743,LE67 9PU
6099282834,LE7 3FP
7293112840,LE7 4UJ
6099274789,LE7 4YS
6099262811,LE7 7QF
6099308592,LE7 9AQ
7143296539,LE9 2AL
6099292306,LL13 0DA
6099269511,LL13 0LE
6099312016,LL13 0PH
6099262832,LL16 4NT
6099269422,LL16 5TA
6099305509,LL17 0LT
6099296261,LL18 2PD
6099266924,LL18 5JA
6099311712,LL18 6DD
6099232821,LL19 8NR
6097670009,LL19 8NR
6099245213,LL19 8NR
6099261742,LL19 9LR
6099277571,LL19 9RT
6099292587,LL21 9RZ
6099271329,LL22 7HT
6097670056,LL22 7LA
6099292698,LL23 7AE
6099274283,LL28 5AL
6099279746,LL28 5HN
6099302516,LL29 7LY
6099289734,LL29 8PU
6099263352,LL29 9DP
6099279712,LL30 1YR
6099266698,LL31 9PL
6099266596,LL31 9PL
6099251498,LL51 9DJ
6099282226,LL52 0AP
6099262988,LL54 6DB
7069114244,LL60 6BL
6099269145,LL61 5SX
6099245401,LL75 8AZ
6099271599,LN11 0EA
6099311509,LN11 0HN
7143206041,LN13 9PY
6099266938,LN2 4JB
6099276709,LN2 4JY
6099230472,LN2 4LD
6099305615,LN25PY
6099245629,LN4 3BQ
7143249776,LN4 4JG
7143178156,LN6 3JZ
6099308713,LN6 3RS
6099299208,LN6 3SE
6099283092,LN6 7QY
6099248460,LN6 7QY
6099261726,LN6 9EA
6099289937,LN6 9UH
6099290192,LN6 9UL
6099266317,LN9 6JY
6097667396,LN9 6SB
6099299618,LS1 2HJ
6099266324,LS1 4AP
6099263377,LS1 5AP
6099262530,LS1 5EZ
7355783730,LS1 5EZ
6099269046,LS10 1JX
7143192834,LS102RU
6099271572,LS11 5LU
6099263342,LS11 5TQ
6097687722,LS11 6LP
6099248224,LS11 9BH
6099233130,LS11 9UD
6099233129,LS12 1QG
6099279429,LS12 2QN
7143260087,LS12 4XD
6099262537,LS12 6AB
6097666948,LS12 6BG
6099282760,LS12 6BY
6099248469,LS13 2AF
6097636755,LS15 7NR
6097667653,LS16 6QZ
7143219559,LS16 7ND
6099312156,LS16 9JR
6099236003,LS17 5PN
6099311669,LS18 4NW
6099292803,LS18 5PX
6099280128,LS19 7BD
6099299233,LS19 7DX
6099312030,LS2 7EQ
6099274916,LS21 1EG
6099282589,LS21 1HE
6099299587,LS23 7GA
6099280293,LS25 7LE
7190794111,LS27 0JG
6099299257,LS27 7AW
6099305483,LS27 7SS
6099311675,LS28 5QS
7143119968,LS28 6BP
7143173168,LS285QS
7143157034,LS29 8HX
6099305502,LS3 1EP
6099274911,LS5 3BT
6099263368,LS6 1EG
6097636888,LS6 1HY
6097667125,LS6 1RB
6099274932,LU1 1PP
6099271071,LU1 1SP
6099274240,LU1 1TR
6097666929,LU1 1UU
6099274148,LU1 1XL
6097670510,LU1 2SE
6099262859,LU1 3UZ
6099274802,LU1 3YT
6099266882,LU1 4EE
6099245176,LU2 0BL
6099248135,LU2 0DD
6099299613,LU2 0EY
6097687224,LU2 0HN
6097687380,LU2 0HN
6099289749,LU2 0HN
6099251468,LU2 0HN
6099262765,LU2 0HN
7143184721,LU2 0HR
7826533551,LU2 0HR
7143192832,LU2 0HR
6099311452,LU2 0NP
6097636915,LU2 0TB
6099274055,LU2 9NY.
6097687435,LU3 1PB
7143300258,LU3 1RJ
6099248145,LU3 1RQ
6099274031,LU3 1RQ
6097670931,LU3 3AN
6099274276,LU3 3LT
6099311498,LU3 3NH
6099290380,LU4 0JF
6099261491,LU4 8DY
6099261459,LU4 8DY
7143157032,LU4 8LS
6099251776,LU4 8NU
6099277093,LU4 8PY
6099276662,LU4 8PY
6099230317,LU4 9GN
6099248396,LU4 9RS
6099280144,LU5 4HU
7143166986,LU5 5BJ
6099235985,LU5 6BN
6099271758,LU5 6DS
6099263027,LU6 1NE
6099248247,LU6 1PD
6300050519,LU6 1PD
6099263267,LU6 2NG
6099250846,LU6 3QS
6099277631,LU7 1DA
6099280199,LU7 4SQ
6099232873,LU7 9HH
6099230336,LU7 9HH
6097666873,LU7 9HH
6099248486,LU7 9LL
6097670826,LU7 9LZ
6099245377,LU7 9NB
6099312208,LU7 9QA
6266432604,M1 1EZ
6713776210,M1 1EZ
6099277150,M1 2HY
6099250990,M11 4SG
7143178151,M11 4SQ
6097687618,M12 4JD
6099305543,M12 4RA
6997859102,M12 6AE
6099311470,M12 6LB
6097666951,M12 6LL
6099262982,M12 6LP
6099302520,M13 0LF
6097670520,M15 4NZ
6099274092,M15 4NZ
6099308905,M15 4NZ
6099283101,M15 4NZ
6097670323,M15 4NZ
6099289867,M15 4NZ
6099279725,M15 4NZ
6099261442,M16 0TT
7271807813,M17 1AN
6099289691,M17 1EH
6099266932,M17 1SQ
6097667439,M18 7AY
6099245159,M19 1AN
6099296136,M19 2BX
6099305799,M19 2BX
6099232852,M2 3HZ
6099308430,M20 4QW
6099289641,M21 9AL
6099270949,M22 4RG
6099279892,M22 4RH
6099274359,M22 4RW
6099299601,M22 4RW
6323973131,M23 9GF
6097687652,M24 1LE
6577549426,M24 2FD
6099311621,M25 9WD
6099282344,M26 1DN
6099279663,M26 2BD
6099266345,M26 2RZ
6099292820,M27 8SA
6099282733,M27 8UJ
6099236276,M28 0GS
6099236259,M28 1NL
6099302704,M28 3AQ
6099233150,M28 3GW
6097667907,M28 3LZ
6099245333,M28 8EB
6099276980,M3 1LW
6634870144,M30 0LY
6099266368,M30 9EZ
6099248395,M31 4DD
6099290373,M32 0FP
6099263088,M32 9HE
7143286544,M34 3QS
6099305735,M34 5BY
7143219545,M34 5PH
6099280429,M34 5PT
6099302766,M34 5PX
6099279675,M35 0BH
6099274272,M35 0HB
7143296534,M350BH
6099279877,M4 6LN
7184332163,M4 7AJ
6099277405,M40 1EZ
6099221782,M40 2FU
6099299202,M40 3AG
6097687480,M41 8GX
6631849993,M41 9AP
6099280227,M41 9LZ
6099299691,M44 5AF
6099233398,M44 6FB
6099251495,M44 6FE
6099282222,M44 6ZS
6099292508,M45 8EH
6099290241,M46 0PZ
6099271352,M46 9HD
6097687840,M5 3EJ
6097667467,M5 4AP
6099245172,M50 2XH
6099305590,M6 8AP
6099271285,M60 3XA
6631910432,M8 8DU
6099274335,ME1 2DH
6099311798,ME1 3HS
7143292950,ME10 1AS
6099262562,ME10 1PE
6099248296,ME10 2BQ
7143199415,ME10 3EE
6099236261,ME10 3JB
7143192753,ME12 3RR
6099248136,ME13 0RH
6099282715,ME13 9EJ
6099302469,ME13 9EN
6097666859,ME14 1EB
6099248278,ME14 1NY
6099279904,ME14 2NG
6099279763,ME14 3EH
6099308860,ME14 5DQ
6099302280,ME15 6EU
6947651205,ME15 6RJ
6099227175,ME15 9YG
7143219563,ME16 8JS
6099289760,ME16 8RY
6099289393,ME17 1DJ
6099282739,ME17 1XG
6099277658,ME17 3LS
6097667128,ME18 5DD
7143162144,ME18 6BG
7128345115,ME19 5AN
7143244821,ME2 2BT
6099236182,ME2 2BT
6099274384,ME2 3PH
6099276945,ME2 4LA
6099292435,ME2 4TH
6097667127,ME20 6DF
6099263146,ME20 7TQ
6097636867,ME20 7UB
6099279404,ME3 7DZ
6099230391,ME4 4BG
6099232668,ME4 4HA
6099302271,ME4 4HA
6099296348,ME4 4HA
6099305605,ME5 7BA
6099248147,ME5 7BA
7143150135,ME5 8JR
6099289606,ME5 9JG
6099248256,ME5 9QR
6099296100,ME6 5AA
6099269387,ME7 3AG
6099266230,ME7 3QH
6099245347,ME7 3TG
7143211956,ME8 0DP
7143211950,ME8 0RA
6099262550,ME8 7TY
6099274086,ME8 8GL
6099292763,ME8 8PH
6099235910,ME8 8PT
6099251283,ME9 7NR
6099311480,ME9 8QP
6099261839,ME9 8RD
6099251639,ME9 9JY
7143286546,ME97UB
6099233169,MK1 1BZ
6099233122,MK1 1DF
6099233166,MK1 1HW
6099227442,MK1 1JA
6099266419,MK11 1JB
6099266959,MK11 1RB
6097670513,MK12 5NN
6097670149,MK13 0AA
6099279942,MK14 5AN
6272189278,MK14 5BT
6097687680,MK14 5LR
7561323667,MK15 8BA
7560577646,MK15 8HG
6935660315,MK15 8HG
6097667749,MK16 8NP
6099251619,MK16 9EY
7143119975,MK17 0FF
6099230505,MK17 8AX
6099280403,MK17 9BB
6099233096,MK17 9JY
7143259201,MK17 9RD
6099266327,MK18 4AN
6099271281,MK2 2BA
6099271300,MK2 2BL
6740671642,MK2 2DD
6099251730,MK2 2PB
6099271270,MK3 5HL
6097687668,MK3 7LB
6099269917,MK4 4AE
6099279632,MK4 4AE
6097687819,MK40 2JP
7143199489,MK40 3PJ
6099245207,MK40 4DR
6099270979,MK40 4LN
6099251091,MK40 4LN
6099236168,MK40 4NX
6099311700,MK41 0BG
7143274139,MK41 0DX
6099308904,MK41 0GL
6099269234,MK41 0SF
7143663669,MK41 7PB
7143157046,MK42 8PA
6906465343,MK42 8PA
6099261625,MK42 9FW
6099251045,MK42 9JJ
6097670922,MK43 0TR
6097666928,MK43 0XN
6099292777,MK44 1YU
6099269230,MK44 2YP
6099263296,MK44 3AX
6099283002,MK44 3AX
6097667099,MK44 3BH
7143184725,MK44 3LH
6099262536,MK45 1BE
6099292554,MK45 2NB
6099274029,MK45 4LE
6097667369,MK45 4RP
6099232948,MK46 4HW
6097687449,MK5 8FR
6099263504,ML1 3DT
6099263066,ML1 4UF
6099268948,ML2 0RL
6097636957,ML2 9EL
6099312164,ML2 9EL
6099263054,ML3 0DW
6097667896,ML5 1QD
6099269891,ML5 2BX
6099245631,ML52BE
6097687414,ML6 7BA
6099266605,ML6 7JA
6099308839,ML6 8QH
6099299386,ML8 5EX
6099274401,ML9 2BL
6099245150,N1 7GU
6099299607,N1 7GU
6452024975,N1 8LX
7750453127,N1 9BN
6099271507,N10 1LJ
6097670410,N11 1QH
7143157045,N11 2UT
6099277365,N12 0AJ
6099302558,N13 4DP
6099276931,N13 4UR
7143194943,N13 4XE
7143173178,N13 4XE
6099312220,N13 4XE
6099277065,N13 4XS
6099250727,N13 6BJ
6099296102,N14 4EY
6099263246,N14 6QT
7143194944,N15 3NB
6099251046,N15 4QS
6099282314,N16 8LA
6097667678,N17 8DG
6099308802,N17 9JZ
6099308696,N18 1LB
6099250773,N2 0NL
6099289745,N2 0RZ
7143178164,N20 0NL
6099282245,N20 9BH
7143300243,N20 9ES
7143173190,N21 2QP
6099232678,N21 3AY
6099311884,N21 3JD
6099269701,N6 5DS
6099248401,n7 0ed
7143162151,N8 0QY
6099277487,N8 7QB
6099308708,N9 7ES
6099279724,N9 8AA
6099305826,NE11 9HS
6099276696,NE11 9HS
6099230386,NE11 9JZ
6099269225,NE12 6RZ
6099302708,NE12 8AE
6099250745,NE13 6PE
6097670772,NE13 7BA
6097687343,NE15 8SE
6099305549,NE15 9EJ
6099299227,NE2 2DX
6097666890,NE20 9PW
6097667350,NE21 4LA
6099251470,NE21 5SJ
6099232833,NE21 6RT
6099269235,NE23 8BH
6099269295,NE24 4HN
6099233105,NE24 4HW
6099282324,NE25 0PR
7707621782,NE25 8DP
6099308407,NE25 8UG
6099266633,NE27 0HH
6099262812,NE27 0NB
6099282447,NE28 6HH
6099292459,NE28 9ND
6099251585,NE29 7SN
6099282312,NE29 7SN
6099250973,NE29 7SU
6099305473,NE29 7TE
6099251015,NE29 7TE
6097636682,NE29 7TE
6099308686,NE3 2RD
6099282721,NE31 1EH
6099230368,NE32 3RA
6099282570,NE33 1SE
6099233407,NE33 5TB
6099233206,NE34 0NB
6099299200,NE35 9LN
6099274045,NE36 0AQ
6097667398,NE37 3ES
6099276840,NE38 9BL
6099292571,NE4 6AB
6097666858,NE4 6AN
6099308662,NE4 8YD
6099248465,NE40 3AG
6099299378,NE40 3AG
6099269048,NE46 3BG
6099261451,NE46 3HN
6097636752,NE46 3PU
6099290115,NE47 8DN
6099245226,NE5 1NB
6099277610,NE6 5AE
6099235964,NE6 5DE
6099276893,NE6 5DE
6099230326,NE6 5HL
6099290396,NE63 0XE
6099290234,NE63 0YB
6099276671,NE63 8QG
6524247462,NE63 8QZ
6097687200,NE65 0NB
6099302462,NE65 7QJ
6099308437,NE66 2EP
6099282790,NE8 4TP
6099263101,NE8 4YG
6099262835,NE8 4YJ
6099245620,NE8 4YJ
6099282523,NE8 4YJ
6099302313,NG1 5GF
6099276717,NG10 2DD
6099292514,NG10 2GA
7143173176,NG10 3AL
6099274931,NG10 3AP
6099299205,NG10 4PG
6099248275,NG11 8AD
6099299694,NG14 6FX
7143247941,NG14 6QL
6097687320,NG14 7BZ
6099276723,NG14 7ER
6099266877,NG14 7ES
6099312054,NG14 7ES
6099279406,NG15 0DR
6097667167,NG15 6UX
6099269412,NG15 7JR
6097670170,NG15 7TN
7143199488,NG16 5HU
6099289382,NG16 6NT
6099236358,NG17 2NQ
6099233054,NG17 4HH
6099271426,NG17 5JP
6099290240,NG17 7BB
6099292674,NG17 7BG
6099305748,NG17 7LE
6099312218,NG17 8JQ
6099261790,NG17 9EY
6099271703,NG17 9EY
7143280433,NG173BB
6099292742,NG18 1LL
6099245433,NG18 2RL
6099292572,NG18 3LT
6099292952,NG18 4GF
6099227443,NG18 5BR
6099269644,NG19 6PX
6099271291,NG19 7AL
6099283015,NG19 7QX
6099248155,NG19 9BG
6099251497,NG197HA
6099261579,NG2 3HQ
6099308866,NG2 4DS
6099230354,NG2 4EL
6099261470,NG2 7JB
6099236159,NG2 7LA
6099261838,NG20 0AS
6099292284,NG20 0DG
6099280410,NG20 0EL
6097687610,NG20 8TY
6099266433,NG21 9AA
6099245444,NG24 1EZ
6099236121,NG24 1UF
7143265916,NG24 1XG
6099251104,NG24 2EA
6099311931,NG25 0PJ
6099311914,NG25 0TX
6099292489,NG3 1DE
6099269551,NG3 5FR
6099261568,NG31 0EA
6099282738,NG31 7UH
6099233347,NG32 2EP
6099233312,NG32 2LX
6097636712,NG34 0BP
6099266850,NG34 0DG
7143232369,NG34 8EY
6099308814,NG4 2JQ
6253678256,NG5 6JZ
6099283050,NG5 8EJ
6099236267,NG6 0FB
6099282832,NG6 0GA
6099251205,NG7 7DG
6099262750,NG7 7HS
6099283219,NG8 1HJ
6097667390,NG8 2BA
7143162152,NG8 4GW
6097669919,NG8 5AH
6099233182,NG9 3GW
6099279939,NG9 3GW
6408339326,NG9 6RZ
6099271044,NG9 6RZ
6099274543,NG9 7BX
7143280431,NG9 8DJ
6099302736,NN1 1TB
6097669997,NN1 2PQ
6099266705,NN10 1BR
6099299663,NN10 6BS
6099279462,NN10 9FJ
6099274411,NN11 4TL
6099267144,NN12 8AN
6099245387,NN12 8FT
6099302278,NN12 8FU
6099280243,NN14 1HR
6795319627,NN14 2QY
6099302765,NN15 5NL
6099269639,NN15 7LL
6099266689,NN16 0BY
6099308439,NN16 9PZ
6099271791,NN17 4AU
6099289733,NN18 4LG
6099245490,NN18 8TJ
6099305496,NN2 6NJ
6099279625,NN2 7HG
6099282598,NN3 9HA
6099277141,NN3 9HX
6099267165,NN4 5EZ
6099267101,NN5 7QN
7143219555,NN5 7UA
6099296267,NN6 0HJ
6099251617,NN6 0TW
7143292952,NN6 6PB
7143286532,NN6 7UJ
7143302327,NN6 7UJ
6099277603,NN6 8JE
6097670534,NN7 2LN
6099292317,NN7 3AN
7143192757,NN7 4HS
6097669947,NN7 4LW
6099282350,NN8 1QE
6097636718,NN8 2LY
6097687425,NN8 4TR
7143259210,NP11 6GU
6099274634,NP12 3SL
6099232791,NP16 5QZ
7143219564,NP16 6PB
7143149460,NP19 0HT
7143286535,NP20 2NS
6099250867,NP22 5PD
6099305581,NP23 7QY
6099274503,NP26 5PU
7143280435,NP4 5ES
6099248461,NP48AN
6099299602,NP7 7EL
7352037891,NR1 1SR
6099274664,NR1 3EY
7143184729,NR10 3PW
6099233377,NR12 8DZ
7143219560,NR13 5LP
6099274112,NR13 6AH
6099233161,NR13 6LH
6099271816,NR14 6JD
6099280442,NR15 2TG
6099308656,NR15 2TG
6097670172,NR18 0BP
6099263345,NR18 9RS
6099245332,NR2 4LX
6097687329,NR28 0JU
6097670813,NR28 9DR
7143265910,NR28 9JR
6099290225,NR3 2DN
7143156129,NR3 2RF
7143161413,NR3 2RF
7143173179,NR3 3BP
6099261870,NR3 3BP
6099282483,NR3 3HT
6099263303,NR3 4BB
6099279998,NR3 4DW
6099269634,NR33 8DB
6099283097,NR34 7QW
6099292569,NR34 9BN
7143296531,NR35 2TY
7143282750,NR35 2TY
6099290028,NR4 6AJ
7143248642,NR5 0JS
6099261831,NR5 8DH
6099308846,NR6 6AG
6099266411,NR6 6RB
6099282518,NR7 9NP
7143232370,NR8 5BS
7143292951,NR8 5DW
6099251562,NR9 3DJ
6803830121,NW1 1JD
7143663674,NW1 9JB
6099269888,NW10 1DG
6099292420,NW10 2RJ
6099279758,NW10 4TE
6097670187,NW10 6EU
6099268959,NW10 6EU
6099261327,NW10 6PJ
6099245163,NW10 6PL
6099271803,NW10 7LT
6099271094,NW10 7SA
6097636724,NW10 7SA
6099311898,NW10 7ST
6099299632,NW10 7ST
7143157030,NW10 7SU
6099250873,NW10 7UD
6099230214,NW11 7PE
6099236163,NW2 2JN
6099227238,NW2 5HY
6099235890,NW2 7JL
6099230289,NW21LJ
6099274765,NW4 1SY
6099292791,NW4 2BZ
6099269381,NW4 2RP
6097667135,NW9 0BG
6099296092,NW9 0EQ
6099290190,NW9 6NW
6099261720,NW9 8UA
6099251548,NW9 9RL
6099305474,OL1 1TE
6099236138,OL1 3LG
6099269809,OL1 3PY
7143260076,OL1 4AE
6099235900,OL10 1NL
6099271545,OL11 1LR
6097687647,OL11 2QQ
6099245443,OL11 2UF
6099277089,OL11 2YW
6099236268,OL11 3AD
7143166988,OL11 3TD
6099274417,OL11 4HG
6099290017,OL11 5BT
6099233142,OL12 6AA
6099266567,OL12 7DJ
6099290242,OL12 7JD
6099266449,OL13 0NN
6099277633,OL16 1SR
6099271776,OL16 1SR
6099280173,OL16 1SY
6097670047,OL16 1TS
6099261527,OL16 2HZ
6099227458,OL16 5RP
6099277639,OL16 5RS
6097667383,OL16 5RS
6601114166,OL2 5PF
6099262993,OL4 3DQ
6099233043,OL5 9LD
6099269182,OL6 7AS
6099266654,OL6 7SW
6099245460,OL6 7SW
6099279890,OL8 1AA
7143274125,OL8 1DB
7143232380,OL8 1JX
6099266586,OX10 9QB
6099274926,OX11 7NN
7143184719,OX11 9HY
7143259203,Ox119HD
6099308874,OX12 0EE
6099296322,OX12 0NP
6099271546,OX13 5NY
7143232366,OX13 6AP
6097667178,OX13 6JQ
6099236161,OX14 1RL
6099311887,OX14 1TD
6097667328,OX14 4RY
6099230350,OX14 4SA
6099261872,OX16 5AB
6099282858,OX16 5AQ
6099277128,OX172DN
6099236116,OX25 5HA
7143296525,OX27 7PU
7143242636,OX28 4BN
6099290406,OX28 4YB
6099261285,OX29 0SQ
6099279873,OX29 7RR
6099271273,OX29 7TH
6099271593,OX29 8JX
6099280174,OX29 8SD
7143199495,OX297PR
6099280304,OX3 9BY
6099271292,OX4 2NL
6097670465,OX7 5QH
6099248497,OX9 2BY
6099227522,OX9 2LH
7178047318,OX92JL
6097687614,PA1 3ER
6099308712,PA16 8AF
6099280275,PA28 6SY
6099302405,PA3 1QS
6099236181,PA3 2NB
6099280137,PA4 8XT
6099245627,PA5 8BH
6099290157,PA7 5AN
6099266888,PE1 2RX
6099250724,PE1 3DW
7143206040,PE1 3HE
7143184724,PE1 3JD
6099232888,PE1 4LU
6099268944,PE1 5BA
6099230224,PE1 5BA
7143178160,PE1 5EP
6099283071,PE1 5HP
6097666963,PE1 5JE
6099263309,PE1 5TP
6099263073,PE1 5TX
6097687658,PE10 0DZ
6099263307,PE11 1JA
7143259206,PE11 2BH
6099248169,PE11 3FX
6099289670,PE11 4UQ
6099274864,PE11 4UQ
6099277443,PE11 4UR
6097670015,PE12 6AP
6099302490,PE12 9AG
6099269996,PE14 7AH
6099245402,PE14 7BG
6099245483,PE14 7BL
6099277212,PE14 8ES
6099227287,PE15 8NG
6099227515,PE19 1DU
6099269713,PE19 5RH
6097636792,PE19 5YF
6099274354,PE19 8TS
6099261850,PE19 8TS
6097687661,PE2 8EX
6099236155,PE2 8EY
6099302300,PE2 8HE
6099233082,PE2 8RP
6097667375,PE2 9DU
6099268967,PE2 9FT
6097667145,PE2 9PH
7143242641,PE2 9QW
6099263415,PE21 8UJ
6099282470,PE25 3QT
6099248279,PE26 2XJ
7143265911,PE27 3LE
7143166277,PE27 3WR
7143261443,PE27 3WR
6097670178,PE27 4SA
6895888487,PE27 5RE
6099251329,PE27 5RE
6646233467,PE27 5RE
6099266839,PE28 2DX
6099276724,PE28 2DX
6099245394,PE28 2DX
7143218604,PE28 2SG
6099262547,PE28 4EN
7143244827,PE28 5SB
6099269141,PE285SR
7143119982,PE29 6XU
7365102232,PE3 6SR
6972463626,PE3 8AF
6099266465,PE3 9EG
6097667100,PE30 4NG
6099266686,PE31 6LD
6099250971,PE38 0QQ
6099263276,PE38 9NP
7143219544,PE38 9SH
6099277078,PE4 6BX
6099312042,PE4 6ZN
6099232785,PE4 6ZN
7143296523,PE6 7QG
6099289971,PE6 7UX
6099262788,PE6 7UY
6631944296,PE6 7UY
6099299243,PE6 7YB
6099245178,PE6 8LD
7143119972,PE68RT
7143219549,PE7 2EY
7143232361,PE7 2HD
7143178157,PE7 2HD
6099266674,PE7 2PD
6099289731,PE7 2PD
6097667867,PE7 3EH
6099279728,PE7 3UL
6099271087,PE7 8JA
6601185685,PE8 4HN
6099299659,PE8 6HG
7143173187,pe86qu
6099263493,PE9  1PB
6099279788,PE9 4DE
6099305601,PE9 4RN
7143268148,PH1 2QB
6097636659,PH1 3AA
7143179442,PH1 3TR
7143248643,PH1 3UF
7143232376,PH1 3UQ
7143276315,PH1 3UQ
6099283201,PH1 5AS
6099282763,PH1 5AS
6099305560,PH10 6DH
6097667474,PH13 9AL
7143248652,PH13 9NP
7143265154,PH2 9PJ
6099289870,PH33 7NB
6097687358,PH8 0AA
6634907956,PL1 3FQ
6099299328,PL11 2RE
6099245585,PL12 6LD
6099292751,PL12 6LD
6099274062,PL12 6PW
6099276712,PL12 6TW
6099269692,PL15 7ED
7143166982,PL17 7JE
6097670505,PL19 0JT
6099277616,PL21 0ES
6099271433,PL26 8PJ
6099283030,PL3 6QN
6099251239,PL31 1AH
6099292673,PL4 0LE
7923057550,PL4 0RW
6099235895,PL7 1QW
6099266194,PL7 1QW
6099274241,PL7 4AW
6099266682,PL7 4JW
6099269673,PL7 4NF
6099279768,PL7 4NF
6099302537,PL7 5AX
6099248052,PO1 5AP
7359709283,PO10 8PE
6099283064,PO12 2SU
6099311540,PO12 4TD
6099248297,PO13 9UD
7647164225,PO14 2JG
6099245572,PO14 2PT
7143219558,PO14 4PP
6099248386,PO15 5DQ
6099271324,PO15 5RQ
6637356067,PO15 5SJ
6099250733,PO15 6RX
6099269958,PO16 7HZ
6099282246,PO16 8TT
6099302433,PO17 5AY
6097666946,PO17 6HS
6099232927,PO18 8TP
7143249775,PO19 1NZ
6099230530,PO19 6RW
6099266884,PO19 8ET
6099299348,PO19 8NX
6099262794,PO198FH
6099262639,PO2 8AA
6631928192,PO2 9JY
6099292814,PO2 9RR
6099311996,PO20 3SU
6099290142,PO20 7DU
6099262620,PO20 7NU
6099277457,PO21 2DN
6099289904,PO21 3HP
6099299619,PO212XH
6099267166,PO22 0ER
6099302569,PO22 6DF
6099292729,PO22 7AS
6099299589,PO22 9NG
6099276652,PO22 9NH
6099266855,PO22 9NJ
6099283041,PO3 5BS
6099236147,PO3 5NA
6099290189,PO3 6JN
6631926675,PO30 5UX
6097670312,PO4 0NN
6099302437,PO4 8SY
7316396299,PO6 3EZ
6097667362,PO6 3LS
6099299472,PO6 4PS
6099271220,PO6 4RJ
6099245138,PO7 5AS
6099274549,PO7 5EW
6099261496,PO7 6XG
6099233324,PO7 7RJ
7143249778,PO7 8PF
6099274308,PO8 0AA
6099269383,PO8 0AA
7053205306,PO8 0HW
7143286538,PO8 0JE
6097667202,PO8 0JE
6099271578,PO9 3ES
6099308675,PO9 5HG
6099274828,PR1 5EE
6099312185,PR1 6RX
6099292686,PR2 2JW
6099263283,PR2 2TL
6099245632,PR2 2TL
6099289665,PR2 5BW
6099274609,PR2 5JT
6099276858,PR25 3GR
6099280295,PR3 2TJ
6099250754,PR3 3AX
6099250762,PR3 3FD
6099312048,PR4 0XB
6099282979,PR4 0XQ
6097670581,PR4 1YB
6099267124,PR4 3HS
7143244844,PR4 3HT
6099261588,PR4 5QN
6099245113,PR4 5SP
6099289384,PR4 6XS
6099271539,PR5 4JB
6099271186,PR6 7JE
6099289472,PR6 8BP
6099280020,PR7 1SA
6099275091,PR7 1SA
6099311713,PR7 6JZ
6097669992,PR8 3BH
6099269752,PR8 5AW
6099276613,PR8 5EF
6099271775,PR8 5JF
6099283118,PR8 5NA
6099280027,PR8 6EL
6099276710,PR8 6RZ
6099277585,PR9 8LL
6097667512,PR9 8PX
6099302755,RG10 0HX
6099245241,RG10 9TH
6099261495,RG109UP
6631863199,RG12 1HL
6099277097,RG12 1HL
6099245120,RG12 1HL
6099299593,RG12 1HL
7501869994,RG12 1WA
6099289934,RG12 8TA
6099266981,RG12 8TD
6097636789,RG14 1JL
6099296177,RG14 2DB
6099274615,RG14 5SA
6099261702,RG14 5SH
6099251384,RG14 5SJ
6099251603,RG14 5SQ
6901409177,RG14 6NX
6099299617,RG14 7HT
6099282850,RG17 0YL
7373792010,RG17 0YL
6099262796,RG18 9JN
6099274515,RG18 9SD
6099236255,RG18 9TD
6097667080,RG19 4NA
6099289377,RG19 8AA
6099280168,RG2 0BZ
6099274338,RG2 0JZ
6099279498,rg2 0qx
6097667241,RG2 0TD
6099269421,RG20 0LS
6099271711,RG20 4SY
6099277346,RG20 5SP
6099277159,RG21 4HL
6099277638,RG21 6YL
6099279795,RG22 6NQ
6981921819,RG23 7HH
6097667149,RG25 2BS
6099262846,RG27 0HL
6099262823,RG27 8AG
6099245488,RG27 8BW
6099283014,RG27 8HR
6099251775,RG27 8HZ
6099280289,RG27 8PU
6099271196,RG27 8ST
6097667132,RG27 8ST
6099267106,RG27 9AY
6099263035,RG27 9UF
6099299441,RG27 9UF
6099245166,RG28 7HW
6099245240,RG28 7HW
6099269199,RG29 1HT
7353471654,RG30 1EA
6099269151,RG30 4QW
6099302536,RG31 7SE
6097667085,RG4 8UA
7143244839,RG40 1LR
6099232861,RG40 3ND
6099275010,RG40 4HD
7143249773,RG40 9JE
6099232693,RG41 2FD
6099232660,RG41 2QJ
6097667239,RG41 5PA
6099263298,RG42 2LA
6099311484,RG42 4AA
6099269982,RG42 4EE
6099290285,RG42 6AN
6099248285,RG45 6JR
6099276606,RG45 7AW
6099290286,RG7 1NP
6099261483,RG7 1RN
6099292857,RG7 1UA
6099292327,RG7 4PW
6097670682,RG7 4PW
6099266642,RG7 5RH
6099277489,RG8 8NR
6099266309,RG9 1HG
6099292504,RG9 5TX
6099276834,RH1 1QA
6099248442,RH1 1QA
6099280225,RH1 1QA
6099311872,RH1 1SR
6099266645,RH1 2LJ
6099269790,RH1 2NL
6099292945,RH1 3AL
6099230255,RH1 3AN
6099263019,RH1 5GL
6099230316,RH1 6AU
6097670810,RH10 3PD
6099233040,RH10 9NQ
6099251788,RH10 9PY
6099311944,RH11 7RX
6099274267,RH12 2NW
6097670707,RH12 3PW
6099280146,RH12 4HG
6099267094,RH12 4RF
6099308424,RH123LP
6099233353,RH13 0RL
7143162147,RH13 8AH
6099280171,RH13 8AZ
6099302287,RH13 8DT
6099263083,RH13 8GR
6099245181,RH13 8HB
6099230273,RH14 9AL
6099248201,RH15 8BW
6099233091,RH15 9RD
6099251496,RH16 1TW
6099305489,RH17 5AG
7143242632,RH17 5AH
6099236355,RH19 1BT
6099262631,RH19 2QF
6099261543,RH19 2RE
6099266347,RH2 7BS
6099270947,RH2 9AQ
6099311903,RH2 9AQ
6099290167,RH2 9DZ
6099308402,RH20 2RY
6099302663,RH20 3BT
6099263375,RH27BS
6099266373,RH3 7AW
6099311998,RH3 7LW
6099262579,RH3 7LW
6099262593,RH5 4QD
6099279624,RH5 5JJ
6097667179,RH5 5TP
6099262535,RH5 6RA
7143274126,RH5 6RA
7382962052,RH6 9RS
7143260073,RH7 6NG
6099292941,RH7 6NH
6099245616,RH8 0AX
6099311956,RH9 8JR
6097667206,RH9 8JX
6099280412,RH9 8NE
6099251330,RM11 3ST
6099261540,RM13 8DYR
6099292545,RM13 9EB
6099232818,RM13 9TH
6099230314,RM14 1XW
6099261751,RM14 2JJ
6099266666,RM15 5NE
6099263052,RM17 5XR
6099271573,RM17 5XR
6099245577,RM2 5HA
6099292599,RM2 5TJ
6099248479,RM20 3AL
6099266193,RM20 3XD
6543070080,RM4 1SP
6099275028,RM5 2BG
6099292332,RM6 4AL
6099227276,RM6 4JL
6099262892,RM6 4PN
7143161411,RM6 6RB
6099296315,RM7 0LA
6099263094,RM7 8BE
6099289935,RM8 1YX
6099261581,RM9 6PS
6099279543,S1 2DW
7143150132,S13 9BA
6099261467,S13 9LL
6099248491,S13 9WF
7143244836,S2 2AD
6099296294,S2 2SN
6099305550,S2 4DX
6099289899,S2 4EE
6099284996,S2 4EE
6099262878,S2 5AT
7143244829,S20 8NQ
7143119964,S21 3WY
7143260086,S3 8DG
6097667655,S3 8GZ
6099277351,S3 9AY
6099251457,S3 9QY
6099266592,S35 0DP
6099302432,S35 9YR
6099233106,S36 2SW
7143184716,S4 7JS
7143300250,S4 7JW
6099269724,S4 7SD
6097670247,S4 7WW
7143268149,S4 7ZG
7143150138,S4 7ZG
7143173193,S4 8DA
7143199412,S40 1TG
7143668893,S40 1TG
6097670478,S40 2DQ
6099261854,S40 2TU
7143300245,S41 0SN
6099305775,S41 0TZ
6099302524,S41 9AP
7143244838,S41 9AT
6099230280,S41 9BE
7143280432,S42 5UX
6099269047,S42 6WY
6099292565,S43 1DG
6099236245,S43 1JG
6099227196,S43 3TU
6099280052,S43 4RE
6099232859,S43 4TZ
7143184717,S44 5JX
6099275098,S44 5SW
7150614435,S44 6PA
7494063744,S45 9AG
7143242644,S48AJ
6099292303,S6 2AE
6099308685,S6 2DF
6099263496,S6 4JW
7143265919,S6 4JZ
6097636898,S60 2EN
6099269756,S61 2NF
7143259204,S61 2TA
6099279884,S63 7ER
6099290166,S63 9DG
7143157026,S639AA
6099236014,S64 8DF
7143280437,S64 8PP
6099311640,S65 1SL
7143296526,S65 3EW
6099245223,S66 8AR
6097687307,S7 1NB
7143249783,S70 1TP
6097666939,S71 1LU
6099277124,S71 3PQ
6097687676,S73 8EG
6099277067,S75 2DR
6097667401,S75 5JF
6099266213,S80 1PX
6099305516,S81 8HG
7143157025,S9 1DB
7143184720,S9 1NJ
6099251777,S9 1TP
6097670000,S9 2AE
6099269238,S9 2FZ
6099251568,S9 2TW
6099280016,SA10 6DR
6097687385,SA10 6JW
6099266355,SA10 6RF
6099282480,SA10 7DR
6099296141,SA11 2ED
6099271205,SA14 6RA
6099274649,SA32 8QX
6099269415,SA4 0TN
6099299403,SA4 9GE
6099290136,SA5 4HN
6099279372,SA6 8QE
6099245396,SA61 2LG
6099302404,SA7 9AG
6099292334,SE1 0PN
6099245385,SE13 5AF
6099271251,SE13 5NS
6099269935,SE16 2PP
6099236123,SE18 1SA
6099282831,SE18 5QR
6099274611,SE2 0DY
7143199411,SE22 0JS
6099267090,SE24 9NE
6099302695,SE25 4PT
6099274823,SE26 5BN
6099274928,SE265BH
7143296527,SE279BQ
6099261764,SE3 7BT
6099263125,SE3 7TH
6099245168,SE4 2NF
6099269405,SE6 2XA
6099221776,SE7 8NE
6099289676,SE7 8QL
6099280436,SE8 5QL
6099235904,SE8 5RJ
6097667437,SE9 4JA
6099271327,SG1 2BE
6099266450,SG1 2BE
7143150126,SG10 6DE
6099282444,SG11 2EN
6099233024,SG12 8DR
6099302298,SG12 8HN
6099271092,SG12 9EE
6099263397,SG13 7ER
6099271603,SG13 7LB
6097670738,SG13 7NE
6099289757,SG14 1NN
6097636979,SG16 6DP
7143173175,SG16 6LJ
6099276686,SG17 5QQ
6097667225,SG18 9BE
6099289732,SG19 1DZ
6099271828,SG19 2HY
6099262629,SG19 2JH
7143260083,SG191PT
6099312004,SG2 0LY
6099279800,SG3 6EY
6099266976,SG3 6QT
7143178158,SG4 0TW
6099274619,SG4 8PJ
6099261791,SG5 1LL
7143260165,SG5 1NL
6099308670,SG6 1LW
6099279751,SG7 6AS
6099233086,SG8 5JH
6097687620,SG8 6RA
6099266216,SG9 0EH
6099233383,SG9 0QD
6099266690,SK1 2JT
6099248519,SK1 3EJ
6099274645,SK1 3JL
6298103136,SK10 2BS
6099263078,SK10 2NG
6097687715,SK10 4NL
7143178155,SK11 0JB
6099282473,SK11 9AP
6631849995,SK12 1JX
6099245625,SK12 1NJ
6099269983,SK12 2PY
6099311893,SK14 1AY
6099289454,SK14 2EP
6099230480,SK14 2JP
7143286531,SK14 4QJ
6099271035,SK14 5BN
6560053915,SK15 1LH
6099266916,SK15 2AU
7316272187,SK15 2QA
6099282285,SK17 7LF
6099289771,SK2 5QB
7143162156,SK2 6LS
6097670556,SK2 6RS
6099271208,SK2 6SG
6099277423,SK22 4AA
6099251016,SK3 0AG
7143280441,SK3 0BQ
6099266915,SK3 0TX
6238261539,SK3 0UX
6523091366,SK3 0UX
6290095419,SK3 8AX
6099311964,SK4 1PQ
6099233205,SK4 2HD
6099290400,SK4 3AG
6099266678,SK4 5DG
6097666905,SK4 5DJ
6099274296,SK5 6RE
6218592429,SK5 7BS
6099277194,SK5 7QJ
6099282747,SK6 2AR
6099305490,SK6 2BP
6099251327,SK6 2BP
6097670305,SK6 2BP
6631859495,SK6 2QE
6099236098,SK6 3JG
6099305762,SK6 3NE
6099276959,SK6 4DE
6631824501,SK6 4DE
6097670657,SK6 4DE
6099292527,SK6 6AA
6097687318,SK6 6LT
6323973162,SK6 7JN
6099227411,SK6 8DX
7143260078,SK68HY
6631928194,SK7 1RA
6099277064,SK7 1RB
6099302534,SK7 4RD
6099292778,SK7 5DB
6099280135,SK8 2PS
6099284995,SK8 3GP
6099230287,SK8 5HG
6099302267,SK8 5QE
6099263142,SK8 6PT
6099271236,SK8 6QS
6099267145,SK9 1BZ
6099227256,SK9 3LN
7126844464,SK9 5AF
6099230517,SK9 7RX
6631926670,SK9 7TP
6099276961,SL0 0PD
6097669945,SL0 9AH
7143244822,SL1 2LX
6099274050,SL1 3BD
6099262732,SL1 3TN
6099289697,SL1 3XX
6099266885,SL1 4DX
6099269737,SL1 4DX
6099274149,SL1 4XP
6097687454,SL1 4XT
6099271504,SL1 5QU
6099292948,SL1 6AA
6099245497,SL1 6JA
6097636658,SL1 8QE
6099263510,SL2 2AW
6099308574,SL2 3NE
6099279676,SL2 5JP
6099236162,SL2 5QD
6097636645,SL3 7AP
6631866264,SL3 7EW
6097667470,SL3 7FJ
6099292798,SL3 8QE
6099248208,SL4 1LD
6097636964,SL4 2EG
6099227303,SL4 2EG
6099248142,SL4 2QD
6099245666,SL4 2SE
6099290132,SL4 4QF
6099280056,SL4 4SJ
6099311505,SL4 4SR
6099269499,SL4 4SY
6099282559,SL4 5LH
6099280140,SL6 0NL
7143280424,SL6 0NL
6099274585,SL6 1ET
6099248423,SL6 1XJ
6099245208,SL6 2ED
6099261778,SL6 3SU
6099311704,SL6 3SY
6099232687,SL6 4FL
6099280430,SL6 6PT
7143300244,SL6 7QE
6097667378,SL6 8HA
6099292747,SL6 9EE
6099235932,SL9 7BB
6099262831,SM1 2JX
6099280249,SM5 3AE
6099233334,SM7 1DB
6099261803,SM7 3PP
6099269004,SN1 2EL
6099232659,SN1 2NY
6099296263,SN1 2NY
6099245421,SN1 2PN
6099245130,SN10 2DX
7143292953,SN10 4HQ
6099282485,SN12 6RT
6099269632,SN12 6SP
6099269910,SN12 8AU
6099311959,SN13 8AE
6099289408,SN15 2DZ
6099271540,SN16 9EU
6099280426,SN2 2DT
6099221768,SN2 2DT
6099292726,SN2 2PN
6099305771,SN3 1AB
6099269023,SN3 1QY
6099266382,SN3 4AG
6097666953,SN3 4ND
7143260075,SN3 4PG
7143150121,SN4 7RB
6881462179,SN4 9PF
7143296532,SN5 0AN
6099289944,SN5 7UR
6099262720,SN5 7YW
6097636762,SN5 8WQ
6099233304,SN5 8WQ
6099311759,SN5 8WQ
6099311458,SN5 8WQ
7143180116,SN6 7NA
6099276635,SN7 7BP
7143265915,SN7 7EH
6099282242,SN8 3NU
6099266445,SN8 4ED
6099251500,SO14 0JN
6099276615,SO14 3TL
6099269772,SO14 5FE
6099261487,SO14 5QH
6099277237,SO15 2AT
6099250944,SO15 3BZ
6099283056,SO15 3FQ
6099282357,SO15 5EL
6099277660,SO16 2NL
6099248251,SO16 7LE
6099266429,SO17 1BL
6099299215,SO18 1BH
6099296331,SO18 1LH
6099269923,SO18 5PU
6099302693,SO19 2NY
6099279880,SO19 6RQ
6099251341,SO19 7GA
6099311676,SO19 7GA
6099269150,SO19 7HS
6097669969,SO21 1HR
6099296276,SO21 2NA
6099290249,SO21 3LA
6099250847,SO21 3NS
6099277081,SO23 0LD
6099269678,SO24 0QA
7143162153,SO30 0JJ
6099230502,SO30 2DY
6099290016,SO30 2HE
6099262616,SO30 2UN
6099277637,SO31 1BQ
6099271189,SO31 1BQ
6099266563,SO31 7DX
6097670571,SO31 7ED
6099289473,SO31 8BW
6097667657,SO31 9HT
6099277157,SO32 2BD
6099262558,SO32 2LF
6099308817,SO40 2NN
6099299479,SO40 2RQ
6097687418,SO40 9GA
6099296150,SO41 8DH
6099271802,SO423 7PB
7143260080,SO50 4RP
6097687588,SO50 5EH
6099250857,SO50 7AJ
6099233076,SO50 7HD
6097687813,SO50 9HQ
6099302769,SO51 0HG
7143166984,SO51 0PW
6099266564,SO51 0PW
6099308887,SO51 6AP
6099245339,SO53 3AW
6099262636,SO53 3YU
7665410189,SO53 4AR
6099261508,SP10 3BE
6097667643,SP10 3HL
6099311991,SP2 7PW
6297978257,SP4 8QP
6099269957,SP5 2QE
6099236359,SP6 1AP
6099299248,SP6 2EX
6099275051,SP6 2EY
6099271011,SP6 3AY
7143232368,SP7 0NS
7143157043,SP8 4LT
6099269134,SR1 1EJ
6099267119,SR2 8NT
6099230315,SR3 1XD
6099236223,SR4 7BB
6099248445,SR5 3JJ
6099251325,SR6 0NL
6099245413,SR7 0AY
6099299467,SR8 2HU
6097636703,SS0 0NF.
6099282837,SS0 9PA
6097670415,SS00NW
6099266388,SS11 7QL
7477520413,SS11 7QY
6099236005,SS12 0JX
7143157027,SS12 9JS
6099267122,SS15 4AB
6099279434,SS15 6EE
6099277106,SS15 6SL
7143173173,SS17 0EH
6097670503,SS17 9HD
7143248645,SS3 0PJ
6099279637,SS4 1NE
6099277166,SS4 1RG
6099236274,SS5 4EG
6099271260,SS6 7XN
7143192755,SS6 9DL
7477445522,SS6 9ES
6099277323,SS7 1AX
6099305565,SS7 2BT
6099277352,SS7 2PD
6099230384,SS7 2UL
7477444103,SS8 0PA
6099289658,SS8 0PQ
6099262643,SS8 0PQ
6099289763,SS8 7DR
6097636945,SS9 2AB
6099296300,SS9 2AJ
6099270955,SS9 2ST
6099274292,SS9 2ST
6099233168,SS9 3JP
6099289383,SS9 3JP
6099227444,SS9 3NE
7477444273,SS9 4XX
6097687219,ST1 3NQ
6097687671,ST1 5JP
6097687348,ST1 5JQ
6099280204,ST13 6EJ
6099290247,ST13 7DR
6099305791,ST16 3DR
7143119178,ST16 3HS
6099227308,ST18 0WP
7316397376,ST18 9AB
6099269135,ST19 5NS
6099269202,ST19 9QT
6099230241,ST3 5LB
6099292779,ST3 5XA
6099232929,ST4 3ET
6099279441,ST4 3NA
6099250997,ST4 4DD
6097687633,ST4 4TW
6631928196,ST4 6PQ
6099248203,ST4 7AY
7143183799,ST4 7SH
6099269187,ST4 8GA
6099227278,ST5 7NL
6099263056,ST5 7RU
6097667222,ST5 8BT
6099233318,ST5 9JJ
6099261518,ST6 5PD
6097667224,ST7 3AE
6099276661,ST7 3AE
7143162146,ST7 4GA
6099248181,ST7 4JH
6099299627,ST7 8QN
6099261793,SW14 7JX
6099270954,SW16 5QF
6099276636,SW17 7BW
6099232904,SW17 8TB
7143249782,SW18 1YL
7143157033,SW19 1JB
6099271518,SW19 3RQ
6099274382,SW1X 9EU
7226022517,SW20 8NH
6099280276,SW4 7UR
6099283205,SW6 4LZ
6099269261,SW7 4AG
6099311488,SWIW ODH
6099277391,SY1 3AB
6099284997,SY1 3AG
6099282986,SY1 3BF
7143244830,SY1 4AB
6099248197,SY1 4AB
6097670421,SY1 4PP
6099251268,SY10 8NN
6099302421,SY13 2HX
6099269126,SY16 1DD
6099269438,SY22 6XZ
6099236361,SY3 8EF
6099267109,SY4 3AL
6097667354,SY4 4EL
7077082231,SY5 7AP
6099271311,SY6 6PG
6099233355,TA1 3FB
6099235972,TA1 5LU
7143219551,TA117BY
7143286539,TA117HJ
6099280021,TA16 5QH
6097666976,TA18 8NT
6099233323,TA2 8DN
6099269429,TA20 2DA
6099227270,TA21 9HH
6099251742,TA21 9ND
6099232876,TA24 5BJ
6099277216,TA24 5BY
6099262887,TA24 5QW
6099269937,TA3 5PX
6099280419,TA3 6PX
7143242635,TA4 1AL
7143157024,TA4 1DU
6099251541,TA6 4BA
6099261310,TA6 4BB
6099271608,TA6 5LT
7143150120,TA7 8BF
6099279928,TA9 3DE
6099274792,TD1 2UH
6099277197,TD1 3RS
6099245121,TD5 8DQ
7143244831,TD58JY
6099261705,TD6 0EW
6099292331,TF1 1ES
6099299483,TF15YB
6099299220,TF2 6AA
6099267146,TF2 8QR
6099267159,TF3 3BD
6099302514,TF3 3BD
7143184733,TF3 3BJ
7143325025,TF3 3BJ
7143192836,TF3 3BJ
7143206044,TF6 6HD
6099289785,TF7 4LB
6099276803,TF7 4QS
6099271233,TF9 2TH
7143149459,TF9 3AP
6099274880,TF9 3TD
6099277374,TN1 1YP
6099227454,TN1 2PB
6099277662,TN10 3EG
6099292557,TN11 9HJ
6255276607,TN12 0RW
6097687628,TN12 5HD
6099251352,TN12 7EA
6099251728,TN13 2TH
6099282970,TN13 3QH
6099251760,TN14 6QY
6099305617,TN14 7JW
6099274085,TN15 6JD
6099248213,TN15 6JD
6097670184,TN15 6XX
6099274120,TN15 7ER
6099305611,TN15 7RD
6097687697,TN15 9ED
6099248231,TN17 2AF
6099277319,TN17 2HR
6099308836,TN17 2SD
6099230514,TN2 3DR
6099302707,TN2 4AG
6523203136,TN2 5LE
6099274821,TN21 0AY
6099277611,TN21 0AY
6099302718,TN21 0HB
6099305583,TN21 0HB
6099248137,TN21 8DF
7143238952,TN22 3QH
6099261444,TN24 0HB
6099250767,TN24 8PE
7143265908,TN256AQ
6099248246,TN27 8PG
6099290233,TN27 9SB
6099261564,TN3 8HN
6099289891,TN3 9QW
6097687725,TN35 4SE
6099245365,TN36 4JT
6099283200,TN39 3LP
6099311673,TN4 9DA
6097636786,TN4 9UP
6099274098,TN5 7QR
6097667386,TN6 2TT
6099269933,TN8 7HF
6099277454,TN9 1ST
6099251464,TQ1 4SW
6097636720,TQ11 0BU
6099296094,TQ12 1RL
6771812786,TQ12 3BN
6099262541,TQ12 3DZ
6097687315,TQ12 3EH
6099269137,TQ12 3NG
6099302681,TQ12 5HU
6099296093,TQ13 0PA
6099292597,TQ2 6EJ
6099227225,TQ2 7BD
6099262529,TQ2 8BX
6099308908,TQ4 5LA
7143663670,TQ4 7BL
6099289683,TQ4 7QP
6099292734,TQ5 8HF
6099251570,TQ7 1EQ
6097636706,TQ7 4NB
6097636707,TQ9 5JA
6099251538,TQ9 7PS
6097636956,TR13 8HN
6326138966,TR15 3RQ
6099269130,TR153NZ
6099280233,TR20 8AG
6895307376,TR20 8HX
7246089793,TR20 8RD
7143192754,TR27 5AF
6097636918,TR3 6BY
6099269997,TR4 8QF
6099282976,TR4 8UN
6523611564,TR8 5DN
6097670255,TS1 5QZ
6099251017,TS12 3BZ
6099271234,TS12 3EH
6099236241,TS14 6RH
6099269900,TS17 6BU
6099311997,TS17 6QY
7143119965,TS17 7AQ
6099262542,TS18 1ER
6099292480,TS18 1LB
6099262873,TS18 2ER
6099261597,TS18 2PQ
6099248280,TS18 3TU
6097687476,TS2 1DB
6099299411,TS2 1LR
6099274364,TS20 2PJ
6099282803,TS23 1BS
6099296338,TS23 3TA
6099308906,TS23 3XF
6099276848,TS25 1PD
6099302279,TS25 2HN
6099274567,TS25 5TG
6099277187,TS26 9AB
6099292699,TS27 4BJ
7143183800,TS27 4EL
6099289687,TS27 4PA
6099262792,TS3 6LL
6099235902,TS3 8EL
7143219550,TS3 8TF
6099236193,TS8 9HS
6099277397,TS8 9LB
6099251202,TS9 5LQ
6099262533,TS9 5PT
6099233346,TW1 1ER
6099263257,TW12 3AD
6097687659,TW13 4PA
6099299410,TW13 6AR
6099312154,TW13 6HD
6099282272,TW14 8ND
6099290181,TW14 8RW
6099299207,TW15 1RZ
6099305584,TW15 3AW
6099274910,TW16 6QP
6097667871,TW18 1PE
6099271209,TW18 1SE
6097687729,TW18 3LX
6099277383,TW19 5DE
6099236210,TW3 1XJ
6099277459,TW3 2EH
6099245170,TW3 2ES
6099262984,TW3 3SN
6099263255,TW3 3TT
7143296524,TW4 5JP
6099233066,TW4 6JQ
6099277676,TW5 0EP
6097670734,TW5 0EP
6097667482,TW7 4EJ
6099311877,TW7 4LY
6099302680,TW7 5AG
6099233298,TW8 0Ex
6099292573,TW8 8ES
6099245430,TW8 8LE
6099271796,TW9 3LU
6097687214,TW9 4HJ
6099290198,UB1 2NW
6099250804,UB1 2RE
6099274819,UB1 3AD
6099271831,UB1 3DZ
6097670559,UB1 3DZ
6099299481,UB10 0AT
6097666901,UB10 0LY
6099251739,UB10 9JU
6099251718,UB2 4HB
6099227320,UB2 4HB
6099245427,UB2 5JU
6099299224,UB3 1AZ
6099282467,UB3 3EP
6099251752,UB3 3NQ
6099227297,UB3 4NE
6715912112,UB3 5EQ
6955936352,UB3 5EQ
6099296165,UB4 0JN
6099277478,UB4 0JZ
6097687193,UB4 8BX
6099276838,UB5 6AH
6099267089,UB6 7DE
6097667710,UB6 7DE
6099248192,UB6 7JB
6099279911,UB6 7PH
6099245381,UB6 8PX
6097670072,UB6 9AT
6099282600,UB7 7EG
6099263404,UB7 8JU
7143280422,UB8 1EX
6099227525,UB8 1HR
6097670269,UB8 2AE
6099274298,UB8 2AG
6099230321,UB8 2BP
6099248499,UB8 2DB
6099296107,UB8 3PN
6097687837,UB9 4DH
6099277348,UB9 5DQ
7751164063,V6H 1H6
7324928691,W10 6EX
6099299493,W12 8HJ
6097667256,W1H 4PF
6099276682,W1H 7BG
6097670244,W1K 7TT
6724560206,W1U 2RU
6099263382,W2 1AY
6099296117,W2 1EL
6099275092,W2 6ES
6097687580,W3 0TG
7143260088,W3 7TZ
6097670913,W3 7TZ
6097667685,W3 9AE
6099274301,W4 4LZ
6099277447,W6 9DL
6099269287,W6 9NJ
6099245423,W7 3ST
6099269774,WA1 1UE
6099311946,WA1 3LR
6099274250,WA1 3NJ
6099289897,WA1 3PR
6099276607,WA1 3TZ
6099279653,WA10 3TX
6099248273,WA11 8EZ
6099282529,WA12 0HE
6097670838,WA12 0HE
6097687578,WA12 0HE
6099274516,WA12 0HE
6099269947,WA12 0HE
6099276631,WA12 0HE
6099266351,WA12 0HE
6099292298,WA12 0HE
6099280002,WA12 0HE
6099292273,WA12 0HE
6099269434,WA12 0HE
6099279635,WA12 0HE
6099271710,WA12 0HE
6099269488,WA12 0HE
6099248229,WA12 0HE
6099232943,WA12 0HE
6097687446,WA12 0HE
6099274764,WA12 0HE
6099230522,WA12 0HE
6099269472,WA12 0HE
6099290161,WA12 9ED
6099282564,WA12 9RL
6803421855,WA14 1HF
6099271425,WA14 1JL
6099282537,WA14 1PJ
6097667193,WA14 1SP
6631821939,WA14 1TD
6099299498,WA14 4RW
6099261729,WA14 5LU
6099248151,WA15 0QW
6099271464,WA15 7SP
6099299357,WA15 8DS
6099233321,WA15 8SX
6097667639,WA16 0SR
6631821937,WA16 7HR
6099280218,WA16 8UW
6099236096,WA2 0AR
6099266384,WA2 7JQ
6099282605,WA2 8JA
6637788452,WA2 8JA
6099308902,WA2 8LT
6099311755,WA2 8QF
6099274268,WA2 8QF
6099230383,WA3 2QE
6099279772,WA3 3HN
6097670493,WA3 3HN
6968086032,WA3 6AE
6099245344,WA3 6AZ
7143199416,WA3 6HF
7143280434,WA3 6HG
6099274346,WA31DR
6099270984,WA4 1AZ
6099232923,WA4 1JY
7143260082,WA4 1NB
6099302760,WA4 5LS
6099274877,WA4 5PW
6099284993,WA4 6AS
6099245198,WA5 0JT
6099274088,WA5 1DP
6099251238,WA7 1PF
7117037862,WA7 4QX
6610875813,WA9 1HZ
6099269291,WA9 1JU
7143211951,WA9 3JL
7899232339,WC1E 6JA
7324774916,WC1E 7DP
6099271244,WC1V 7HP
6097667199,WC2B 6UN
6097670696,WC2H 9JQ
6099311477,WC2H 9JQ
6097667227,WC2H 9JQ
6099277641,WD17 1AF
6099235931,WD17 1AF
6099289508,WD17 1DS
6099230477,WD17 2JR
6099262635,WD18 7JS
6099266692,WD19 4HY
6099302474,WD23 1GQ
6099266476,WD24 4PX
6099227302,WD25 8HL
6097687305,WD3 5BN
6099276952,WD3 5XS
6099236001,WD3 6BH
6099263489,WD3 6EA
7143157023,WD3 8DS
6097667136,WD3 8UX
6099245366,WD3 8UX
6099292984,WD3 8UX
6099311992,WD3 9YS
6099277493,WD4 8HR
6099269174,WD4 8JE
6099248164,WD4 8JU
6099275018,WD4 8LP
6099274816,WD4 9JD
7143173189,WD4 9JE
6099233378,WD4 9JS
6099251522,WD4 9LR
6099274892,WD4 9PA
6099248428,WD6 3AZ
7143286457,WD6 4BW
6099283033,WD6 5PH
6099269994,WD7 7HU
6099277189,WD7 7HU
6099305811,WD7 8HZ
6097636980,WD7 9EN
6099263284,WF1 1DR
6099282474,WF1 2QA
6099312024,WF1 4PY
6099274618,WF1 5DX
6099271467,WF1 5DY
6097666857,WF1 5PH
6099311790,WF10 1PD
6099271313,WF10 2AE
7143162155,WF10 2E
6099262605,WF10 2JU
6099276984,WF10 5DJ
6099308404,WF12 7JJ
6099269476,WF12 7QR
6099282436,WF12 9BJ
6099299404,WF13 2HD
7143162149,WF14 8DD
6099250862,WF15 6BH
6099305829,WF17 5HQ
6099292452,WF17 8HA
6097670021,WF17 8NN
6099271743,WF17 9LW
6099290372,WF2 6HE
6097667242,WF2 7JD
6099277123,WF2 8PL
6099274299,WF2 8TQ
6099292938,WF2 9SR
6099282476,WF27RE
6099274844,WF3 1HH
6099308423,WF3 3LR
6099267167,WF4 1LL
6099296155,WF4 3BB
6099266723,WF4 3EB
6097687304,WF5 9JS
6099311764,WF5 9JY
6097667650,WF5 9LB
6099232870,WF5 9TL
6097666959,WF6 2QR
7143300249,WF7 5HL
6266640937,WF7 7AZ
7143274124,WF7 7HY
6099308833,WN1 2AG
6099266227,WN2 1LB
6097669906,WN2 2BG
6097669931,WN2 3BG
6099250976,WN2 3BU
6099279665,WN2 3PA
6097667424,WN2 3TY
6099266621,WN2 4AX
6099251230,WN2 4HY
6099268964,WN2 4SJ
6099251571,WN3 4AF
6099269964,WN3 4AS
6099277663,WN3 5AA
7143300255,WN3 5BJ
6099250972,WN3 5DU
6099236238,WN4 0BY
6097667592,WN4 0TU
6099271302,WN5 0LD
6099269022,WN5 0LW
6099292712,WN5 8BQ
6099227224,WN5 8SH
6099308853,WN6 9EJ
6099233390,WN6 9SQ
6099289984,WN7 2DW
6097687223,WN7 4YA
6099263384,WN7 5RP
6958030148,WN75PW
6099312053,WR11 1GP.
6099283057,WR11 2LL
7143138721,WR11 8TB
6099277058,WR2 5HS
6099305632,WR2 6RF
6099289526,WR9 8JB
7143244833,WR97JA
6099277400,WS10 0AQ
6099269279,WS10 0NN
7143219548,WS10 7DF
6099308614,WS10 8BW
6099232843,WS10 8SD
6099280191,WS10 9JL
6099227449,WS10 9SS
6099266480,WS11 0DR
6099274043,WS11 0ED
6099236160,WS11 0HP
6099305776,WS11 0JB
6099292736,WS11 0LG
7143280453,WS11 1SB
6099251073,WS11 5BU
7143211952,WS12 1BT
7143232360,WS15 1RD
6099271312,WS2 7BU
6099227487,WS2 8AB
6099271058,WS2 8TA
6099289527,WS2 9ES
6099232901,WS2 9SG
6097666995,WS3 1BU
6099251483,WS4 1PY
7143211948,WS5 3AH
6097670791,WS5 4AW
6099245601,WS7 0HQ
6099230311,WS7 0HT
6099248199,WS8 6JT
6099236137,WS8 7JW
6099290120,WS9 0NF
7143663668,WS9 8TH
6099274165,WS9 8UB
7495470964,WS9 9AH
7143300246,WV1 2QU
6097670291,WV1 4DJ
6099274111,WV10 0AE
6099227234,WV10 8RJ
6097670063,WV11 1UN
6099251556,WV12 5FA
6099289495,WV13 1PQ
7143162148,WV132NY
6099233314,WV14 0QJ
6099279522,WV14 7DG
6099266927,WV14 7EA
6099312133,WV14 7JY
6097667217,WV14 9PG
6099279759,WV2 2LD
6099292310,WV2 2NW
6099311633,WV2 2QE
6099274400,WV3 0JQ
6099274908,WV3 0JQ
6700520103,WV3 0LW
7143157029,WV3 7JR
6099282284,WV4 6JQ
6099308682,WV5 9DN
6097670418,WV6 0PJ
6099250731,WV6 0PL
6099277340,WV6 8UW
6099266725,WV8 2HX
6097687656,WV9 5DA
6099311471,YO104AB
6099233349,YO11 3YS
6097669934,YO17 6YA
6099251004,YO17 9BU
6097667352,YO24 4AZ
6099292741,YO24 4AZ
6099276621,YO26 6DF
6099250787,YO26 6QF
6097667402,YO26 6QU
7143192751,YO26 7QF
6097687823,YO30 1AL
6099262871,YO30 4XAY
6099299364,YO32 2RH
6097670585,YO43 3AH
6099245360,YO51 9HZ
6097670573,YO51 9NS
6099279966,YO8 4PW
6097670035,YO8 8QQ
6099282746,ZE1 0PZ
